shipper_id,origin,destination,weight_kg,request_time,deadline,fee,cargo_type,surcharge
S0000,울산,창원,202,2025-07-12 16:00:00,2025-07-13 02:00:00,126700.0,일반,0
S0001,대구,울산,218,2025-07-21 16:00:00,2025-07-22 03:00:00,136000.0,일반,0
S0002,인천,서울,228,2025-07-10 15:00:00,2025-07-11 02:00:00,89000.0,냉장,30000
S0003,수원,울산,238,2025-07-07 08:00:00,2025-07-07 19:00:00,346200.0,일반,0
S0004,청주,대구,253,2025-07-03 10:00:00,2025-07-03 15:00:00,197500.0,일반,0
S0005,광주,인천,269,2025-07-12 09:00:00,2025-07-12 19:00:00,321600.0,일반,0
S0006,울산,대전,280,2025-07-12 16:00:00,2025-07-13 01:00:00,265600.0,일반,0
S0007,울산,인천,286,2025-07-19 18:00:00,2025-07-19 20:00:00,387800.0,냉장,30000
S0008,대전,광주,291,2025-07-11 12:00:00,2025-07-11 21:00:00,212800.0,일반,0
S0009,창원,청주,300,2025-07-09 11:00:00,2025-07-09 21:00:00,264400.0,냉동,50000
S0010,울산,광주,309,2025-07-22 16:00:00,2025-07-22 22:00:00,301000.0,일반,0
S0011,부산,청주,317,2025-07-16 08:00:00,2025-07-16 15:00:00,290400.0,유해물질,100000
S0012,서울,청주,361,2025-07-27 18:00:00,2025-07-27 23:00:00,190300.0,일반,0
S0013,광주,청주,366,2025-07-01 19:00:00,2025-07-01 23:00:00,254500.0,일반,0
S0014,대전,인천,379,2025-07-06 18:00:00,2025-07-07 06:00:00,219000.0,냉장,30000
S0015,울산,광주,383,2025-07-02 19:00:00,2025-07-03 07:00:00,311000.0,냉동,50000
S0016,청주,대전,395,2025-07-19 12:00:00,2025-07-19 18:00:00,117800.0,일반,0
S0017,서울,광주,425,2025-07-02 18:00:00,2025-07-03 04:00:00,351800.0,일반,0
S0018,인천,청주,435,2025-07-25 11:00:00,2025-07-25 15:00:00,198200.0,일반,0
S0019,청주,울산,469,2025-07-19 17:00:00,2025-07-20 05:00:00,290600.0,일반,0
S0020,인천,서울,479,2025-07-09 20:00:00,2025-07-09 23:00:00,113000.0,일반,0
S0021,광주,수원,487,2025-07-18 19:00:00,2025-07-19 05:00:00,320400.0,일반,0
S0022,청주,대구,492,2025-07-27 14:00:00,2025-07-28 00:00:00,219500.0,일반,0
S0023,서울,부산,506,2025-07-27 13:00:00,2025-07-27 17:00:00,413000.0,냉동,50000
S0024,부산,청주,540,2025-07-22 10:00:00,2025-07-22 18:00:00,306400.0,위험물,150000
S0025,광주,대구,571,2025-07-04 13:00:00,2025-07-04 21:00:00,267000.0,유해물질,100000
S0026,광주,서울,593,2025-07-08 08:00:00,2025-07-08 11:00:00,359800.0,냉장,30000
S0027,부산,울산,595,2025-07-25 10:00:00,2025-07-25 20:00:00,139200.0,일반,0
S0028,대구,수원,619,2025-07-27 14:00:00,2025-07-28 02:00:00,307000.0,일반,0
S0029,대구,부산,619,2025-07-01 14:00:00,2025-07-01 21:00:00,186000.0,일반,0
S0030,서울,청주,621,2025-07-17 16:00:00,2025-07-17 21:00:00,210300.0,일반,0
S0031,인천,창원,627,2025-07-03 12:00:00,2025-07-03 16:00:00,402400.0,일반,0
S0032,인천,수원,642,2025-07-05 18:00:00,2025-07-06 00:00:00,133700.0,일반,0
S0033,인천,부산,664,2025-07-24 19:00:00,2025-07-24 23:00:00,432300.0,일반,0
S0034,창원,부산,666,2025-07-21 09:00:00,2025-07-21 11:00:00,138200.0,냉동,50000
S0035,광주,부산,680,2025-07-20 17:00:00,2025-07-21 01:00:00,304200.0,유해물질,100000
S0036,대구,대전,695,2025-07-14 08:00:00,2025-07-14 16:00:00,225600.0,일반,0
S0037,인천,서울,696,2025-07-13 15:00:00,2025-07-13 20:00:00,131000.0,일반,0
S0038,창원,대구,696,2025-07-28 14:00:00,2025-07-28 16:00:00,175900.0,유해물질,100000
S0039,울산,서울,710,2025-07-05 20:00:00,2025-07-06 04:00:00,412000.0,일반,0
S0040,대전,부산,721,2025-07-25 10:00:00,2025-07-25 22:00:00,306500.0,냉동,50000
S0041,대구,광주,727,2025-07-17 15:00:00,2025-07-17 22:00:00,285000.0,일반,0
S0042,창원,대구,732,2025-07-23 13:00:00,2025-07-23 16:00:00,180400.0,일반,0
S0043,부산,청주,739,2025-07-17 11:00:00,2025-07-17 22:00:00,326400.0,일반,0
S0044,대구,서울,740,2025-07-04 20:00:00,2025-07-05 01:00:00,347600.0,일반,0
S0045,서울,광주,743,2025-07-05 11:00:00,2025-07-05 15:00:00,379800.0,일반,0
S0046,대전,서울,756,2025-07-28 15:00:00,2025-07-28 20:00:00,251900.0,일반,0
S0047,대전,대구,759,2025-07-05 16:00:00,2025-07-06 01:00:00,235600.0,일반,0
S0048,창원,서울,760,2025-07-22 14:00:00,2025-07-22 18:00:00,416800.0,일반,0
S0049,대구,창원,768,2025-07-08 10:00:00,2025-07-08 13:00:00,187900.0,일반,0
S0050,대전,부산,779,2025-07-03 19:00:00,2025-07-04 03:00:00,316500.0,일반,0
S0051,서울,대구,783,2025-07-17 15:00:00,2025-07-17 17:00:00,353600.0,일반,0
S0052,서울,대전,785,2025-07-15 15:00:00,2025-07-15 21:00:00,257900.0,일반,0
S0053,수원,대전,789,2025-07-22 10:00:00,2025-07-22 15:00:00,224400.0,냉동,50000
S0054,서울,수원,795,2025-07-05 17:00:00,2025-07-06 02:00:00,152000.0,일반,0
S0055,창원,대전,796,2025-07-13 18:00:00,2025-07-14 02:00:00,289000.0,유해물질,100000
S0056,수원,대구,797,2025-07-18 16:00:00,2025-07-19 01:00:00,329000.0,일반,0
S0057,수원,대구,803,2025-07-22 14:00:00,2025-07-23 00:00:00,329000.0,일반,0
S0058,울산,서울,815,2025-07-13 18:00:00,2025-07-14 01:00:00,429500.0,냉장,30000
S0059,부산,울산,838,2025-07-08 20:00:00,2025-07-09 05:00:00,169200.0,냉동,50000
S0060,창원,인천,845,2025-07-04 10:00:00,2025-07-04 16:00:00,430400.0,일반,0
S0061,울산,대구,865,2025-07-05 16:00:00,2025-07-06 01:00:00,200000.0,일반,0
S0062,인천,부산,865,2025-07-10 10:00:00,2025-07-10 18:00:00,456300.0,일반,0
S0063,부산,대구,871,2025-07-11 12:00:00,2025-07-11 14:00:00,216000.0,일반,0
S0064,청주,대구,874,2025-07-01 18:00:00,2025-07-02 04:00:00,259500.0,일반,0
S0065,서울,수원,879,2025-07-14 19:00:00,2025-07-15 01:00:00,163500.0,냉동,50000
S0066,인천,서울,884,2025-07-12 08:00:00,2025-07-12 11:00:00,156500.0,일반,0
S0067,서울,광주,892,2025-07-17 09:00:00,2025-07-17 17:00:00,397800.0,일반,0
S0068,청주,서울,899,2025-07-18 20:00:00,2025-07-19 06:00:00,245300.0,일반,0
S0069,수원,청주,903,2025-07-14 11:00:00,2025-07-14 15:00:00,214300.0,일반,0
S0070,울산,대구,931,2025-07-11 09:00:00,2025-07-11 19:00:00,210000.0,일반,0
S0071,인천,울산,952,2025-07-19 19:00:00,2025-07-20 02:00:00,452300.0,일반,0
S0072,서울,대구,957,2025-07-22 20:00:00,2025-07-22 22:00:00,374100.0,일반,0
S0073,대구,서울,970,2025-07-26 11:00:00,2025-07-26 18:00:00,377600.0,일반,0
S0074,대구,인천,973,2025-07-11 12:00:00,2025-07-11 15:00:00,384200.0,일반,0
S0075,서울,청주,980,2025-07-12 11:00:00,2025-07-12 23:00:00,252300.0,냉동,50000
S0076,서울,울산,981,2025-07-28 13:00:00,2025-07-28 17:00:00,449000.0,유해물질,100000
S0077,울산,부산,1013,2025-07-11 18:00:00,2025-07-12 01:00:00,187200.0,일반,0
S0078,울산,광주,1015,2025-07-24 10:00:00,2025-07-24 17:00:00,369000.0,냉장,30000
S0079,서울,대구,1018,2025-07-17 19:00:00,2025-07-18 02:00:00,381100.0,일반,0
S0080,대구,서울,1024,2025-07-20 08:00:00,2025-07-20 14:00:00,381100.0,일반,0
S0081,대구,청주,1038,2025-07-28 08:00:00,2025-07-28 11:00:00,275500.0,일반,0
S0082,대전,광주,1044,2025-07-07 18:00:00,2025-07-08 06:00:00,284800.0,일반,0
S0083,인천,수원,1054,2025-07-21 17:00:00,2025-07-22 00:00:00,182700.0,일반,0
S0084,부산,대구,1055,2025-07-28 15:00:00,2025-07-28 18:00:00,235000.0,일반,0
S0085,대구,광주,1064,2025-07-10 17:00:00,2025-07-11 04:00:00,324000.0,일반,0
S0086,창원,대구,1073,2025-07-21 12:00:00,2025-07-21 19:00:00,219900.0,일반,0
S0087,대구,광주,1077,2025-07-25 09:00:00,2025-07-25 21:00:00,327500.0,일반,0
S0088,대구,부산,1078,2025-07-07 19:00:00,2025-07-08 07:00:00,238500.0,위험물,150000
S0089,울산,부산,1082,2025-07-26 11:00:00,2025-07-26 19:00:00,197200.0,일반,0
S0090,서울,대구,1091,2025-07-08 20:00:00,2025-07-09 01:00:00,389600.0,일반,0
S0091,광주,창원,1095,2025-07-13 10:00:00,2025-07-13 18:00:00,320500.0,일반,0
S0092,인천,청주,1097,2025-07-22 15:00:00,2025-07-22 17:00:00,268200.0,일반,0
S0093,창원,청주,1101,2025-07-27 11:00:00,2025-07-27 22:00:00,344400.0,위험물,150000
S0094,울산,청주,1106,2025-07-05 14:00:00,2025-07-05 19:00:00,358600.0,일반,0
S0095,대구,대전,1122,2025-07-23 19:00:00,2025-07-24 05:00:00,275600.0,일반,0
S0096,창원,부산,1122,2025-07-26 16:00:00,2025-07-26 23:00:00,190200.0,일반,0
S0097,부산,창원,1138,2025-07-19 12:00:00,2025-07-19 21:00:00,192200.0,일반,0
S0098,수원,부산,1138,2025-07-14 14:00:00,2025-07-14 23:00:00,451600.0,일반,0
S0099,부산,수원,1146,2025-07-19 14:00:00,2025-07-20 02:00:00,453100.0,일반,0
S0100,서울,대구,1155,2025-07-18 10:00:00,2025-07-18 15:00:00,397600.0,일반,0
S0101,청주,부산,1187,2025-07-04 11:00:00,2025-07-04 17:00:00,377400.0,일반,0
S0102,창원,서울,1188,2025-07-18 13:00:00,2025-07-18 15:00:00,463300.0,일반,0
S0103,광주,서울,1188,2025-07-19 08:00:00,2025-07-19 19:00:00,431800.0,냉동,50000
S0104,대구,수원,1190,2025-07-11 20:00:00,2025-07-11 23:00:00,375000.0,유해물질,100000
S0105,수원,광주,1197,2025-07-12 15:00:00,2025-07-12 18:00:00,402400.0,일반,0
S0106,울산,창원,1203,2025-07-21 09:00:00,2025-07-21 20:00:00,236700.0,위험물,150000
S0107,대전,대구,1207,2025-07-28 11:00:00,2025-07-28 16:00:00,291600.0,위험물,150000
S0108,서울,대전,1209,2025-07-26 13:00:00,2025-07-26 23:00:00,311400.0,일반,0
S0109,서울,대구,1237,2025-07-04 17:00:00,2025-07-04 19:00:00,409100.0,일반,0
S0110,서울,청주,1240,2025-07-07 14:00:00,2025-07-07 21:00:00,283800.0,일반,0
S0111,인천,서울,1279,2025-07-04 10:00:00,2025-07-04 14:00:00,198500.0,일반,0
S0112,서울,수원,1279,2025-07-10 10:00:00,2025-07-10 21:00:00,206000.0,일반,0
S0113,서울,대구,1280,2025-07-23 11:00:00,2025-07-23 14:00:00,409600.0,일반,0
S0114,대전,청주,1300,2025-07-02 09:00:00,2025-07-02 21:00:00,207800.0,일반,0
S0115,수원,대구,1305,2025-07-19 18:00:00,2025-07-20 03:00:00,384000.0,일반,0
S0116,인천,수원,1310,2025-07-06 14:00:00,2025-07-06 21:00:00,210700.0,냉동,50000
S0117,창원,울산,1315,2025-07-11 13:00:00,2025-07-11 16:00:00,242700.0,일반,0
S0118,대구,서울,1334,2025-07-28 13:00:00,2025-07-28 21:00:00,415600.0,일반,0
S0119,광주,청주,1341,2025-07-19 14:00:00,2025-07-19 20:00:00,353000.0,일반,0
S0120,대전,광주,1351,2025-07-19 18:00:00,2025-07-20 06:00:00,320800.0,일반,0
S0121,수원,대구,1356,2025-07-15 18:00:00,2025-07-16 04:00:00,389000.0,냉장,30000
S0122,대구,인천,1359,2025-07-11 10:00:00,2025-07-11 12:00:00,424200.0,위험물,150000
S0123,서울,수원,1374,2025-07-26 18:00:00,2025-07-27 06:00:00,214000.0,일반,0
S0124,부산,수원,1384,2025-07-06 09:00:00,2025-07-06 19:00:00,477600.0,일반,0
S0125,서울,인천,1384,2025-07-01 20:00:00,2025-07-02 05:00:00,209000.0,일반,0
S0126,인천,부산,1388,2025-07-13 16:00:00,2025-07-14 02:00:00,512300.0,일반,0
S0127,대전,울산,1389,2025-07-26 19:00:00,2025-07-27 04:00:00,377600.0,일반,0
S0128,창원,울산,1392,2025-07-04 14:00:00,2025-07-04 16:00:00,252200.0,일반,0
S0129,울산,대구,1400,2025-07-27 18:00:00,2025-07-28 02:00:00,260000.0,일반,0
S0130,창원,광주,1411,2025-07-19 10:00:00,2025-07-19 18:00:00,352500.0,일반,0
S0131,대전,청주,1414,2025-07-27 20:00:00,2025-07-28 02:00:00,219800.0,일반,0
S0132,청주,대구,1420,2025-07-15 13:00:00,2025-07-15 21:00:00,319500.0,냉장,30000
S0133,창원,광주,1441,2025-07-17 15:00:00,2025-07-18 03:00:00,355500.0,일반,0
S0134,창원,광주,1443,2025-07-18 19:00:00,2025-07-19 00:00:00,356500.0,일반,0
S0135,창원,대전,1451,2025-07-18 20:00:00,2025-07-19 01:00:00,361000.0,일반,0
S0136,광주,대구,1469,2025-07-22 18:00:00,2025-07-22 21:00:00,369000.0,일반,0
S0137,대구,인천,1483,2025-07-23 15:00:00,2025-07-24 03:00:00,436200.0,일반,0
S0138,광주,울산,1484,2025-07-19 09:00:00,2025-07-19 19:00:00,419000.0,냉장,30000
S0139,인천,울산,1493,2025-07-18 08:00:00,2025-07-18 11:00:00,509800.0,일반,0
S0140,청주,창원,1494,2025-07-10 17:00:00,2025-07-11 03:00:00,384400.0,일반,0
S0141,청주,광주,1504,2025-07-20 20:00:00,2025-07-21 08:00:00,368500.0,일반,0
S0142,인천,수원,1517,2025-07-08 12:00:00,2025-07-08 21:00:00,231700.0,일반,0
S0143,대전,창원,1531,2025-07-24 13:00:00,2025-07-24 20:00:00,367000.0,일반,0
S0144,대구,인천,1543,2025-07-27 18:00:00,2025-07-28 00:00:00,440200.0,냉동,50000
S0145,수원,부산,1545,2025-07-28 17:00:00,2025-07-28 21:00:00,491600.0,냉장,30000
S0146,인천,대구,1561,2025-07-11 14:00:00,2025-07-11 18:00:00,442200.0,일반,0
S0147,수원,인천,1588,2025-07-13 15:00:00,2025-07-13 23:00:00,235200.0,일반,0
S0148,대전,창원,1589,2025-07-17 09:00:00,2025-07-17 17:00:00,370500.0,일반,0
S0149,서울,부산,1590,2025-07-10 12:00:00,2025-07-11 00:00:00,525000.0,일반,0
S0150,청주,서울,1591,2025-07-03 18:00:00,2025-07-04 06:00:00,314300.0,일반,0
S0151,대구,서울,1594,2025-07-13 18:00:00,2025-07-13 22:00:00,439600.0,일반,0
S0152,대전,광주,1609,2025-07-02 10:00:00,2025-07-02 14:00:00,343800.0,일반,0
S0153,서울,부산,1610,2025-07-04 08:00:00,2025-07-04 13:00:00,528000.0,냉장,30000
S0154,부산,청주,1617,2025-07-12 08:00:00,2025-07-12 17:00:00,419400.0,일반,0
S0155,대구,광주,1623,2025-07-23 08:00:00,2025-07-23 13:00:00,380000.0,일반,0
S0156,부산,울산,1634,2025-07-24 15:00:00,2025-07-24 20:00:00,249200.0,일반,0
S0157,창원,수원,1648,2025-07-04 10:00:00,2025-07-04 12:00:00,474500.0,일반,0
S0158,부산,인천,1649,2025-07-03 16:00:00,2025-07-04 04:00:00,534300.0,일반,0
S0159,광주,울산,1669,2025-07-23 19:00:00,2025-07-24 04:00:00,431000.0,유해물질,100000
S0160,수원,대전,1673,2025-07-12 13:00:00,2025-07-13 01:00:00,310400.0,일반,0
S0161,창원,대구,1680,2025-07-03 08:00:00,2025-07-03 14:00:00,277900.0,냉장,30000
S0162,수원,청주,1682,2025-07-20 18:00:00,2025-07-20 22:00:00,286300.0,일반,0
S0163,대구,부산,1687,2025-07-28 08:00:00,2025-07-28 11:00:00,294500.0,일반,0
S0164,창원,청주,1692,2025-07-06 12:00:00,2025-07-06 14:00:00,396900.0,일반,0
S0165,창원,부산,1699,2025-07-10 13:00:00,2025-07-10 16:00:00,244200.0,일반,0
S0166,부산,대전,1706,2025-07-05 12:00:00,2025-07-05 17:00:00,410500.0,일반,0
S0167,창원,울산,1709,2025-07-18 18:00:00,2025-07-19 01:00:00,276700.0,일반,0
S0168,울산,대전,1715,2025-07-05 13:00:00,2025-07-05 15:00:00,405600.0,유해물질,100000
S0169,서울,수원,1718,2025-07-01 08:00:00,2025-07-01 15:00:00,244000.0,일반,0
S0170,창원,서울,1720,2025-07-01 13:00:00,2025-07-02 00:00:00,511300.0,일반,0
S0171,대구,인천,1737,2025-07-15 11:00:00,2025-07-15 20:00:00,454200.0,일반,0
S0172,광주,서울,1750,2025-07-15 16:00:00,2025-07-16 02:00:00,479800.0,일반,0
S0173,울산,인천,1753,2025-07-05 18:00:00,2025-07-06 03:00:00,527800.0,일반,0
S0174,서울,창원,1781,2025-07-20 08:00:00,2025-07-20 10:00:00,513300.0,냉동,50000
S0175,인천,광주,1788,2025-07-22 17:00:00,2025-07-23 04:00:00,469100.0,일반,0
S0176,부산,대전,1790,2025-07-09 08:00:00,2025-07-09 20:00:00,414000.0,냉동,50000
S0177,광주,수원,1809,2025-07-24 08:00:00,2025-07-24 14:00:00,448400.0,일반,0
S0178,창원,인천,1820,2025-07-24 20:00:00,2025-07-25 02:00:00,518400.0,일반,0
S0179,대전,창원,1822,2025-07-28 09:00:00,2025-07-28 12:00:00,385000.0,냉장,30000
S0180,수원,대구,1847,2025-07-24 15:00:00,2025-07-24 21:00:00,425000.0,냉동,50000
S0181,청주,부산,1868,2025-07-25 14:00:00,2025-07-25 20:00:00,432400.0,일반,0
S0182,대전,부산,1873,2025-07-25 14:00:00,2025-07-26 00:00:00,416500.0,일반,0
S0183,광주,청주,1874,2025-07-05 12:00:00,2025-07-05 20:00:00,390500.0,냉장,30000
S0184,창원,광주,1925,2025-07-08 08:00:00,2025-07-08 10:00:00,383500.0,유해물질,100000
S0185,광주,서울,1927,2025-07-22 14:00:00,2025-07-22 21:00:00,484800.0,냉동,50000
S0186,광주,인천,1941,2025-07-28 13:00:00,2025-07-28 16:00:00,473600.0,일반,0
S0187,수원,서울,1942,2025-07-10 13:00:00,2025-07-10 20:00:00,254000.0,일반,0
S0188,부산,서울,1954,2025-07-14 14:00:00,2025-07-14 18:00:00,545500.0,일반,0
S0189,대전,인천,1976,2025-07-21 08:00:00,2025-07-21 14:00:00,357500.0,위험물,150000
S0190,대구,인천,1977,2025-07-12 18:00:00,2025-07-13 06:00:00,466200.0,일반,0
S0191,대구,대전,1986,2025-07-27 11:00:00,2025-07-27 23:00:00,343600.0,냉장,30000
S0192,부산,수원,1987,2025-07-08 09:00:00,2025-07-08 14:00:00,517600.0,일반,0
S0193,창원,인천,1990,2025-07-11 19:00:00,2025-07-12 02:00:00,526400.0,일반,0
S0194,인천,울산,1992,2025-07-17 09:00:00,2025-07-17 13:00:00,537800.0,유해물질,100000
S0195,인천,대전,1996,2025-07-18 14:00:00,2025-07-19 01:00:00,361000.0,일반,0
S0196,수원,인천,2014,2025-07-12 18:00:00,2025-07-13 02:00:00,261700.0,냉동,50000
S0197,인천,대전,2027,2025-07-16 08:00:00,2025-07-16 18:00:00,363000.0,일반,0
S0198,인천,부산,2028,2025-07-26 08:00:00,2025-07-26 15:00:00,558300.0,일반,0
S0199,울산,창원,2032,2025-07-18 11:00:00,2025-07-18 20:00:00,296700.0,일반,0
S0200,부산,광주,2049,2025-07-20 13:00:00,2025-07-21 00:00:00,432200.0,냉동,50000
S0201,수원,창원,2059,2025-07-09 19:00:00,2025-07-10 01:00:00,500500.0,일반,0
S0202,청주,대구,2065,2025-07-16 10:00:00,2025-07-16 15:00:00,362500.0,냉장,30000
S0203,울산,청주,2068,2025-07-26 11:00:00,2025-07-26 13:00:00,435600.0,일반,0
S0204,인천,광주,2071,2025-07-27 13:00:00,2025-07-27 16:00:00,487600.0,일반,0
S0205,창원,인천,2082,2025-07-17 14:00:00,2025-07-17 23:00:00,536400.0,일반,0
S0206,부산,대전,2087,2025-07-02 13:00:00,2025-07-02 16:00:00,432500.0,일반,0
S0207,수원,광주,2113,2025-07-15 16:00:00,2025-07-16 01:00:00,468400.0,일반,0
S0208,대구,대전,2117,2025-07-03 15:00:00,2025-07-04 01:00:00,355600.0,냉장,30000
S0209,인천,창원,2122,2025-07-17 08:00:00,2025-07-17 10:00:00,538400.0,일반,0
S0210,수원,창원,2127,2025-07-21 09:00:00,2025-07-21 20:00:00,505000.0,일반,0
S0211,대전,광주,2132,2025-07-01 08:00:00,2025-07-01 15:00:00,375300.0,일반,0
S0212,수원,대구,2136,2025-07-27 15:00:00,2025-07-28 02:00:00,443500.0,냉장,30000
S0213,부산,광주,2139,2025-07-13 14:00:00,2025-07-13 17:00:00,436700.0,일반,0
S0214,인천,대전,2145,2025-07-14 13:00:00,2025-07-14 17:00:00,375000.0,일반,0
S0215,대구,서울,2160,2025-07-20 18:00:00,2025-07-21 02:00:00,475600.0,일반,0
S0216,대전,울산,2170,2025-07-09 20:00:00,2025-07-10 05:00:00,433600.0,냉장,30000
S0217,울산,창원,2176,2025-07-12 14:00:00,2025-07-12 22:00:00,304700.0,일반,0
S0218,창원,서울,2193,2025-07-22 16:00:00,2025-07-22 20:00:00,541300.0,일반,0
S0219,부산,대구,2196,2025-07-26 17:00:00,2025-07-26 19:00:00,328000.0,일반,0
S0220,광주,서울,2211,2025-07-22 13:00:00,2025-07-22 23:00:00,507800.0,냉동,50000
S0221,청주,대구,2213,2025-07-04 13:00:00,2025-07-04 18:00:00,371500.0,냉장,30000
S0222,울산,청주,2232,2025-07-05 20:00:00,2025-07-06 03:00:00,446100.0,일반,0
S0223,광주,부산,2242,2025-07-04 08:00:00,2025-07-04 12:00:00,443700.0,냉장,30000
S0224,인천,대구,2253,2025-07-24 19:00:00,2025-07-25 02:00:00,486200.0,일반,0
S0225,대구,인천,2263,2025-07-09 18:00:00,2025-07-09 22:00:00,488200.0,위험물,150000
S0226,수원,청주,2370,2025-07-06 13:00:00,2025-07-06 23:00:00,324300.0,냉동,50000
S0227,대전,수원,2376,2025-07-19 18:00:00,2025-07-20 02:00:00,352400.0,일반,0
S0228,서울,인천,2378,2025-07-13 16:00:00,2025-07-14 01:00:00,273000.0,일반,0
S0229,대전,창원,2385,2025-07-02 14:00:00,2025-07-02 21:00:00,417000.0,냉장,30000
S0230,울산,대전,2386,2025-07-07 10:00:00,2025-07-07 16:00:00,441600.0,냉장,30000
S0231,수원,인천,2397,2025-07-18 13:00:00,2025-07-19 01:00:00,281700.0,일반,0
S0232,창원,부산,2418,2025-07-04 11:00:00,2025-07-04 20:00:00,284200.0,일반,0
S0233,수원,광주,2423,2025-07-05 14:00:00,2025-07-05 17:00:00,482400.0,일반,0
S0234,대전,창원,2437,2025-07-22 18:00:00,2025-07-23 05:00:00,419500.0,냉장,30000
S0235,인천,창원,2442,2025-07-24 20:00:00,2025-07-25 08:00:00,552900.0,냉동,50000
S0236,부산,대구,2443,2025-07-01 10:00:00,2025-07-01 21:00:00,336500.0,냉동,50000
S0237,창원,부산,2455,2025-07-07 18:00:00,2025-07-08 00:00:00,286200.0,냉장,30000
S0238,수원,부산,2462,2025-07-04 20:00:00,2025-07-05 03:00:00,547600.0,일반,0
S0239,청주,부산,2469,2025-07-08 15:00:00,2025-07-08 22:00:00,468400.0,일반,0
S0240,대구,청주,2472,2025-07-18 19:00:00,2025-07-18 21:00:00,383500.0,유해물질,100000
S0241,광주,울산,2474,2025-07-12 20:00:00,2025-07-13 02:00:00,479000.0,냉동,50000
S0242,부산,울산,2507,2025-07-14 15:00:00,2025-07-15 01:00:00,299200.0,냉장,30000
S0243,울산,창원,2518,2025-07-17 13:00:00,2025-07-17 21:00:00,322200.0,위험물,150000
S0244,인천,창원,2539,2025-07-23 13:00:00,2025-07-23 16:00:00,562400.0,일반,0
S0245,대전,창원,2555,2025-07-08 12:00:00,2025-07-08 22:00:00,429000.0,일반,0
S0246,부산,창원,2556,2025-07-24 12:00:00,2025-07-24 22:00:00,294200.0,일반,0
S0247,광주,대구,2572,2025-07-02 10:00:00,2025-07-02 16:00:00,436000.0,유해물질,100000
S0248,광주,창원,2584,2025-07-07 11:00:00,2025-07-07 21:00:00,425500.0,일반,0
S0249,창원,수원,2615,2025-07-25 08:00:00,2025-07-25 20:00:00,529500.0,냉동,50000
S0250,청주,수원,2619,2025-07-04 17:00:00,2025-07-05 01:00:00,339300.0,일반,0
S0251,창원,광주,2654,2025-07-08 18:00:00,2025-07-08 22:00:00,426500.0,일반,0
S0252,청주,광주,2662,2025-07-12 08:00:00,2025-07-12 12:00:00,434500.0,일반,0
S0253,청주,수원,2663,2025-07-01 19:00:00,2025-07-02 00:00:00,342800.0,일반,0
S0254,울산,수원,2666,2025-07-26 17:00:00,2025-07-26 22:00:00,546200.0,일반,0
S0255,창원,대전,2668,2025-07-09 20:00:00,2025-07-10 04:00:00,437000.0,일반,0
S0256,대구,대전,2696,2025-07-07 14:00:00,2025-07-07 22:00:00,387600.0,일반,0
S0257,대구,대전,2704,2025-07-11 09:00:00,2025-07-11 15:00:00,391100.0,일반,0
S0258,대전,부산,2706,2025-07-16 15:00:00,2025-07-17 02:00:00,470500.0,일반,0
S0259,광주,청주,2711,2025-07-25 12:00:00,2025-07-25 15:00:00,444500.0,일반,0
S0260,울산,창원,2720,2025-07-23 09:00:00,2025-07-23 13:00:00,336700.0,일반,0
S0261,대구,인천,2726,2025-07-04 09:00:00,2025-07-04 16:00:00,514200.0,냉장,30000
S0262,창원,울산,2748,2025-07-05 09:00:00,2025-07-05 19:00:00,336700.0,일반,0
S0263,수원,울산,2750,2025-07-08 19:00:00,2025-07-09 07:00:00,550200.0,일반,0
S0264,부산,대구,2753,2025-07-09 19:00:00,2025-07-10 02:00:00,358000.0,위험물,150000
S0265,창원,광주,2757,2025-07-22 18:00:00,2025-07-22 21:00:00,438500.0,위험물,150000
S0266,서울,인천,2768,2025-07-23 11:00:00,2025-07-23 19:00:00,299000.0,일반,0
S0267,서울,창원,2790,2025-07-03 16:00:00,2025-07-04 02:00:00,574300.0,일반,0
S0268,인천,부산,2797,2025-07-08 19:00:00,2025-07-09 00:00:00,603300.0,냉장,30000
S0269,서울,대구,2818,2025-07-08 14:00:00,2025-07-08 21:00:00,510600.0,일반,0
S0270,청주,서울,2831,2025-07-25 12:00:00,2025-07-25 19:00:00,385300.0,일반,0
S0271,광주,울산,2848,2025-07-28 11:00:00,2025-07-28 17:00:00,500000.0,냉장,30000
S0272,창원,부산,2849,2025-07-18 10:00:00,2025-07-18 17:00:00,310200.0,위험물,150000
S0273,광주,수원,2851,2025-07-18 14:00:00,2025-07-19 00:00:00,508400.0,냉동,50000
S0274,창원,청주,2855,2025-07-12 12:00:00,2025-07-12 15:00:00,464400.0,일반,0
S0275,대구,대전,2882,2025-07-04 16:00:00,2025-07-04 23:00:00,397600.0,유해물질,100000
S0276,창원,청주,2893,2025-07-04 13:00:00,2025-07-04 20:00:00,466400.0,일반,0
S0277,창원,서울,2922,2025-07-23 12:00:00,2025-07-23 23:00:00,577300.0,일반,0
S0278,대전,수원,2923,2025-07-25 16:00:00,2025-07-26 03:00:00,384400.0,일반,0
S0279,대전,광주,2939,2025-07-21 09:00:00,2025-07-21 11:00:00,420800.0,일반,0
S0280,창원,청주,2950,2025-07-01 14:00:00,2025-07-01 18:00:00,472400.0,일반,0
S0281,창원,인천,2962,2025-07-24 12:00:00,2025-07-24 14:00:00,586400.0,유해물질,100000
S0282,대구,대전,2965,2025-07-03 17:00:00,2025-07-03 21:00:00,405100.0,냉장,30000
S0283,청주,창원,3000,2025-07-19 12:00:00,2025-07-19 21:00:00,474400.0,냉동,50000
S0284,부산,광주,3000,2025-07-15 09:00:00,2025-07-15 19:00:00,486200.0,일반,0
S0285,인천,대구,3028,2025-07-06 09:00:00,2025-07-06 21:00:00,528200.0,일반,0
S0286,서울,창원,3042,2025-07-17 11:00:00,2025-07-17 19:00:00,587300.0,일반,0
S0287,수원,울산,3053,2025-07-22 12:00:00,2025-07-22 23:00:00,570200.0,일반,0
S0288,대구,광주,3054,2025-07-16 20:00:00,2025-07-17 02:00:00,467500.0,일반,0
S0289,청주,수원,3075,2025-07-21 19:00:00,2025-07-21 21:00:00,370800.0,위험물,150000
S0290,대구,광주,3088,2025-07-21 18:00:00,2025-07-22 05:00:00,467500.0,냉동,50000
S0291,창원,부산,3091,2025-07-02 17:00:00,2025-07-03 03:00:00,328200.0,일반,0
S0292,광주,대구,3092,2025-07-12 16:00:00,2025-07-12 22:00:00,469000.0,냉동,50000
S0293,수원,부산,3126,2025-07-11 10:00:00,2025-07-11 18:00:00,587600.0,일반,0
S0294,청주,수원,3139,2025-07-03 15:00:00,2025-07-04 02:00:00,372300.0,일반,0
S0295,울산,부산,3140,2025-07-14 12:00:00,2025-07-14 22:00:00,337200.0,냉동,50000
S0296,창원,서울,3162,2025-07-17 09:00:00,2025-07-17 15:00:00,593300.0,일반,0
S0297,수원,부산,3164,2025-07-27 14:00:00,2025-07-28 00:00:00,589600.0,일반,0
S0298,대전,광주,3170,2025-07-23 11:00:00,2025-07-23 18:00:00,434800.0,일반,0
S0299,대구,인천,3183,2025-07-19 19:00:00,2025-07-19 22:00:00,538200.0,일반,0
S0300,서울,대구,3185,2025-07-03 11:00:00,2025-07-03 22:00:00,531600.0,일반,0
S0301,광주,창원,3190,2025-07-08 14:00:00,2025-07-08 19:00:00,464000.0,일반,0
S0302,창원,서울,3204,2025-07-28 08:00:00,2025-07-28 11:00:00,598800.0,일반,0
S0303,울산,청주,3210,2025-07-03 19:00:00,2025-07-03 22:00:00,502600.0,일반,0
S0304,대구,울산,3222,2025-07-14 11:00:00,2025-07-14 15:00:00,372000.0,일반,0
S0305,대전,청주,3230,2025-07-04 10:00:00,2025-07-04 13:00:00,333800.0,일반,0
S0306,광주,청주,3238,2025-07-23 15:00:00,2025-07-23 22:00:00,475500.0,냉장,30000
S0307,청주,대구,3241,2025-07-24 19:00:00,2025-07-25 07:00:00,432500.0,냉동,50000
S0308,울산,창원,3255,2025-07-11 18:00:00,2025-07-11 21:00:00,367700.0,일반,0
S0309,울산,광주,3256,2025-07-09 10:00:00,2025-07-09 21:00:00,528000.0,일반,0
S0310,부산,대구,3257,2025-07-16 13:00:00,2025-07-16 23:00:00,390000.0,유해물질,100000
S0311,울산,대구,3271,2025-07-24 19:00:00,2025-07-25 01:00:00,376000.0,냉장,30000
S0312,광주,서울,3280,2025-07-18 17:00:00,2025-07-19 05:00:00,569800.0,일반,0
S0313,울산,광주,3281,2025-07-11 18:00:00,2025-07-11 21:00:00,531000.0,일반,0
S0314,광주,청주,3294,2025-07-21 20:00:00,2025-07-21 22:00:00,479000.0,일반,0
S0315,광주,서울,3322,2025-07-04 20:00:00,2025-07-05 02:00:00,572300.0,일반,0
S0316,부산,울산,3324,2025-07-25 09:00:00,2025-07-25 18:00:00,353200.0,일반,0
S0317,수원,창원,3331,2025-07-10 20:00:00,2025-07-11 01:00:00,578500.0,냉장,30000
S0318,대전,수원,3333,2025-07-20 20:00:00,2025-07-20 23:00:00,414400.0,위험물,150000
S0319,청주,서울,3336,2025-07-23 10:00:00,2025-07-23 12:00:00,420300.0,일반,0
S0320,창원,대전,3338,2025-07-07 13:00:00,2025-07-07 18:00:00,479000.0,일반,0
S0321,서울,부산,3354,2025-07-17 11:00:00,2025-07-17 19:00:00,633000.0,일반,0
S0322,광주,서울,3355,2025-07-09 08:00:00,2025-07-09 15:00:00,575800.0,유해물질,100000
S0323,인천,수원,3357,2025-07-25 10:00:00,2025-07-25 22:00:00,343700.0,일반,0
S0324,대전,부산,3375,2025-07-17 16:00:00,2025-07-18 01:00:00,510500.0,위험물,150000
S0325,서울,부산,3383,2025-07-20 19:00:00,2025-07-20 22:00:00,635000.0,일반,0
S0326,청주,부산,3396,2025-07-08 10:00:00,2025-07-08 19:00:00,526400.0,위험물,150000
S0327,인천,울산,3399,2025-07-12 18:00:00,2025-07-12 23:00:00,627300.0,일반,0
S0328,청주,울산,3399,2025-07-26 09:00:00,2025-07-26 19:00:00,516600.0,냉장,30000
S0329,인천,창원,3403,2025-07-22 11:00:00,2025-07-22 22:00:00,618400.0,일반,0
S0330,창원,인천,3412,2025-07-20 16:00:00,2025-07-20 20:00:00,619400.0,유해물질,100000
S0331,대구,울산,3416,2025-07-10 12:00:00,2025-07-10 17:00:00,389000.0,유해물질,100000
S0332,울산,서울,3416,2025-07-21 13:00:00,2025-07-21 15:00:00,622000.0,냉동,50000
S0333,울산,수원,3419,2025-07-25 15:00:00,2025-07-25 20:00:00,595200.0,일반,0
S0334,부산,대구,3430,2025-07-21 17:00:00,2025-07-21 22:00:00,404000.0,냉동,50000
S0335,수원,서울,3439,2025-07-17 11:00:00,2025-07-17 19:00:00,350000.0,냉동,50000
S0336,대전,광주,3457,2025-07-06 15:00:00,2025-07-07 01:00:00,456800.0,일반,0
S0337,청주,부산,3461,2025-07-19 18:00:00,2025-07-20 06:00:00,534400.0,일반,0
S0338,창원,부산,3462,2025-07-05 20:00:00,2025-07-06 07:00:00,354200.0,냉장,30000
S0339,대구,부산,3473,2025-07-19 13:00:00,2025-07-19 16:00:00,406000.0,일반,0
S0340,울산,청주,3481,2025-07-24 17:00:00,2025-07-25 00:00:00,522600.0,냉동,50000
S0341,부산,울산,3485,2025-07-27 09:00:00,2025-07-27 21:00:00,363200.0,냉동,50000
S0342,창원,부산,3500,2025-07-06 17:00:00,2025-07-07 04:00:00,354700.0,일반,0
S0343,광주,청주,3529,2025-07-22 15:00:00,2025-07-23 01:00:00,496500.0,일반,0
S0344,수원,청주,3531,2025-07-14 17:00:00,2025-07-14 21:00:00,402300.0,일반,0
S0345,창원,인천,3547,2025-07-17 14:00:00,2025-07-17 23:00:00,629900.0,일반,0
S0346,서울,인천,3554,2025-07-13 12:00:00,2025-07-14 00:00:00,353000.0,일반,0
S0347,청주,창원,3574,2025-07-05 11:00:00,2025-07-05 19:00:00,516400.0,일반,0
S0348,수원,청주,3574,2025-07-11 14:00:00,2025-07-11 23:00:00,406300.0,일반,0
S0349,광주,울산,3606,2025-07-06 11:00:00,2025-07-06 15:00:00,555000.0,냉동,50000
S0350,부산,대구,3608,2025-07-21 10:00:00,2025-07-21 13:00:00,420000.0,일반,0
S0351,울산,대전,3614,2025-07-13 17:00:00,2025-07-14 05:00:00,531600.0,일반,0
S0352,수원,대구,3624,2025-07-14 19:00:00,2025-07-14 23:00:00,545000.0,일반,0
S0353,대전,울산,3639,2025-07-19 09:00:00,2025-07-19 15:00:00,531600.0,일반,0
S0354,창원,대전,3646,2025-07-23 17:00:00,2025-07-24 05:00:00,507000.0,냉장,30000
S0355,대전,창원,3654,2025-07-17 15:00:00,2025-07-17 19:00:00,507000.0,냉동,50000
S0356,광주,울산,3662,2025-07-15 13:00:00,2025-07-15 16:00:00,566500.0,일반,0
S0357,부산,서울,3671,2025-07-12 16:00:00,2025-07-13 00:00:00,664500.0,유해물질,100000
S0358,창원,대전,3713,2025-07-24 12:00:00,2025-07-24 23:00:00,511000.0,일반,0
S0359,수원,부산,3714,2025-07-11 17:00:00,2025-07-11 22:00:00,635600.0,일반,0
S0360,청주,수원,3717,2025-07-26 16:00:00,2025-07-26 18:00:00,422300.0,위험물,150000
S0361,서울,청주,3724,2025-07-21 18:00:00,2025-07-22 06:00:00,455300.0,냉장,30000
S0362,창원,수원,3735,2025-07-16 08:00:00,2025-07-16 15:00:00,613500.0,일반,0
S0363,창원,수원,3739,2025-07-27 15:00:00,2025-07-27 21:00:00,614500.0,일반,0
S0364,대전,창원,3748,2025-07-18 19:00:00,2025-07-19 01:00:00,517000.0,유해물질,100000
S0365,광주,부산,3749,2025-07-21 16:00:00,2025-07-21 22:00:00,548700.0,일반,0
S0366,울산,부산,3751,2025-07-19 20:00:00,2025-07-20 02:00:00,391700.0,일반,0
S0367,청주,대구,3760,2025-07-03 18:00:00,2025-07-03 21:00:00,478000.0,냉동,50000
S0368,광주,부산,3765,2025-07-06 12:00:00,2025-07-06 21:00:00,552200.0,위험물,150000
S0369,청주,인천,3787,2025-07-25 09:00:00,2025-07-25 11:00:00,464200.0,일반,0
S0370,부산,청주,3787,2025-07-21 14:00:00,2025-07-21 21:00:00,566400.0,일반,0
S0371,수원,광주,3805,2025-07-20 12:00:00,2025-07-20 21:00:00,584400.0,냉동,50000
S0372,수원,청주,3807,2025-07-08 20:00:00,2025-07-09 04:00:00,430300.0,일반,0
S0373,인천,대구,3829,2025-07-04 19:00:00,2025-07-05 05:00:00,596200.0,냉동,50000
S0374,대전,수원,3830,2025-07-07 17:00:00,2025-07-07 23:00:00,459900.0,일반,0
S0375,울산,인천,3844,2025-07-04 18:00:00,2025-07-04 22:00:00,669300.0,냉장,30000
S0376,대구,광주,3844,2025-07-23 11:00:00,2025-07-23 19:00:00,531000.0,유해물질,100000
S0377,수원,대구,3853,2025-07-14 11:00:00,2025-07-14 20:00:00,565000.0,일반,0
S0378,수원,서울,3859,2025-07-11 10:00:00,2025-07-11 12:00:00,391000.0,일반,0
S0379,대구,대전,3870,2025-07-15 14:00:00,2025-07-16 01:00:00,479600.0,일반,0
S0380,서울,창원,3870,2025-07-17 12:00:00,2025-07-17 15:00:00,661300.0,일반,0
S0381,창원,부산,3873,2025-07-10 10:00:00,2025-07-10 14:00:00,396200.0,일반,0
S0382,울산,창원,3876,2025-07-16 17:00:00,2025-07-16 21:00:00,427200.0,일반,0
S0383,인천,대구,3883,2025-07-13 14:00:00,2025-07-14 00:00:00,606200.0,일반,0
S0384,서울,인천,3896,2025-07-19 17:00:00,2025-07-19 20:00:00,389000.0,일반,0
S0385,서울,수원,3922,2025-07-18 08:00:00,2025-07-18 19:00:00,398000.0,유해물질,100000
S0386,대전,청주,3930,2025-07-02 20:00:00,2025-07-03 01:00:00,397800.0,냉장,30000
S0387,서울,대전,3963,2025-07-08 16:00:00,2025-07-09 00:00:00,505900.0,냉동,50000
S0388,울산,창원,3965,2025-07-22 12:00:00,2025-07-22 17:00:00,432700.0,일반,0
S0389,서울,대구,3966,2025-07-28 10:00:00,2025-07-28 19:00:00,603600.0,냉장,30000
S0390,울산,창원,3991,2025-07-07 20:00:00,2025-07-08 00:00:00,432700.0,위험물,150000
S0391,울산,대구,4002,2025-07-04 15:00:00,2025-07-04 19:00:00,440000.0,일반,0
S0392,인천,부산,4004,2025-07-25 19:00:00,2025-07-25 22:00:00,696300.0,냉장,30000
S0393,광주,부산,4032,2025-07-05 09:00:00,2025-07-05 18:00:00,569700.0,일반,0
S0394,인천,부산,4040,2025-07-11 12:00:00,2025-07-11 16:00:00,697800.0,일반,0
S0395,서울,대구,4062,2025-07-12 13:00:00,2025-07-13 01:00:00,605100.0,일반,0
S0396,대구,서울,4072,2025-07-02 17:00:00,2025-07-02 22:00:00,605100.0,냉장,30000
S0397,대전,부산,4076,2025-07-17 16:00:00,2025-07-17 20:00:00,568000.0,일반,0
S0398,서울,수원,4081,2025-07-10 19:00:00,2025-07-11 00:00:00,402000.0,일반,0
S0399,대구,부산,4083,2025-07-20 19:00:00,2025-07-21 06:00:00,456000.0,일반,0
S0400,창원,대전,4088,2025-07-01 12:00:00,2025-07-01 22:00:00,539000.0,냉장,30000
S0401,울산,창원,4092,2025-07-26 20:00:00,2025-07-27 02:00:00,436700.0,일반,0
S0402,대전,대구,4097,2025-07-15 10:00:00,2025-07-15 12:00:00,493600.0,일반,0
S0403,수원,대전,4104,2025-07-02 17:00:00,2025-07-03 00:00:00,480400.0,일반,0
S0404,인천,수원,4116,2025-07-28 13:00:00,2025-07-28 15:00:00,410200.0,냉동,50000
S0405,대전,울산,4123,2025-07-02 11:00:00,2025-07-02 21:00:00,573600.0,냉장,30000
S0406,대전,인천,4124,2025-07-09 08:00:00,2025-07-09 12:00:00,515000.0,냉동,50000
S0407,광주,인천,4125,2025-07-14 11:00:00,2025-07-14 21:00:00,633600.0,냉장,30000
S0408,서울,수원,4133,2025-07-04 15:00:00,2025-07-04 21:00:00,412000.0,일반,0
S0409,청주,부산,4153,2025-07-16 20:00:00,2025-07-17 00:00:00,596400.0,일반,0
S0410,인천,서울,4155,2025-07-10 08:00:00,2025-07-10 17:00:00,407000.0,일반,0
S0411,대구,대전,4157,2025-07-28 13:00:00,2025-07-29 01:00:00,501600.0,일반,0
S0412,수원,울산,4170,2025-07-06 14:00:00,2025-07-06 20:00:00,661700.0,일반,0
S0413,서울,인천,4181,2025-07-14 17:00:00,2025-07-14 23:00:00,408500.0,일반,0
S0414,부산,대구,4182,2025-07-14 16:00:00,2025-07-15 03:00:00,469500.0,일반,0
S0415,울산,인천,4201,2025-07-27 09:00:00,2025-07-27 21:00:00,697800.0,일반,0
S0416,수원,부산,4208,2025-07-03 12:00:00,2025-07-03 19:00:00,679600.0,일반,0
S0417,인천,수원,4209,2025-07-03 10:00:00,2025-07-03 15:00:00,420700.0,냉장,30000
S0418,청주,수원,4223,2025-07-22 14:00:00,2025-07-22 17:00:00,465300.0,일반,0
S0419,부산,인천,4227,2025-07-12 17:00:00,2025-07-12 23:00:00,716300.0,냉장,30000
S0420,대전,창원,4238,2025-07-25 13:00:00,2025-07-25 21:00:00,557000.0,일반,0
S0421,창원,인천,4263,2025-07-25 15:00:00,2025-07-26 03:00:00,692400.0,일반,0
S0422,부산,창원,4270,2025-07-15 18:00:00,2025-07-16 00:00:00,426200.0,일반,0
S0423,창원,서울,4280,2025-07-11 08:00:00,2025-07-11 20:00:00,691300.0,위험물,150000
S0424,광주,청주,4290,2025-07-17 10:00:00,2025-07-17 22:00:00,566500.0,유해물질,100000
S0425,서울,광주,4308,2025-07-18 10:00:00,2025-07-18 18:00:00,659800.0,일반,0
S0426,서울,수원,4334,2025-07-23 15:00:00,2025-07-23 18:00:00,426000.0,일반,0
S0427,청주,광주,4382,2025-07-23 19:00:00,2025-07-23 22:00:00,568500.0,일반,0
S0428,창원,서울,4383,2025-07-07 15:00:00,2025-07-07 21:00:00,695300.0,냉동,50000
S0429,서울,수원,4390,2025-07-13 20:00:00,2025-07-13 23:00:00,429500.0,일반,0
S0430,인천,대전,4396,2025-07-18 11:00:00,2025-07-18 18:00:00,532500.0,일반,0
S0431,서울,울산,4418,2025-07-23 09:00:00,2025-07-23 11:00:00,705000.0,일반,0
S0432,대전,대구,4418,2025-07-06 20:00:00,2025-07-07 06:00:00,523600.0,일반,0
S0433,울산,인천,4421,2025-07-04 16:00:00,2025-07-05 04:00:00,717800.0,일반,0
S0434,대구,광주,4459,2025-07-12 12:00:00,2025-07-12 20:00:00,579500.0,유해물질,100000
S0435,서울,인천,4461,2025-07-08 17:00:00,2025-07-08 22:00:00,429500.0,냉장,30000
S0436,서울,광주,4468,2025-07-01 09:00:00,2025-07-01 16:00:00,671800.0,일반,0
S0437,대구,서울,4470,2025-07-03 15:00:00,2025-07-04 00:00:00,643600.0,일반,0
S0438,창원,인천,4484,2025-07-23 20:00:00,2025-07-24 07:00:00,712400.0,일반,0
S0439,대전,광주,4495,2025-07-27 13:00:00,2025-07-27 23:00:00,548800.0,일반,0
S0440,인천,창원,4500,2025-07-16 09:00:00,2025-07-16 13:00:00,712400.0,일반,0
S0441,수원,인천,4500,2025-07-22 17:00:00,2025-07-23 04:00:00,445200.0,일반,0
S0442,부산,수원,4505,2025-07-25 14:00:00,2025-07-26 01:00:00,705100.0,일반,0
S0443,대전,수원,4506,2025-07-24 14:00:00,2025-07-24 18:00:00,515900.0,일반,0
S0444,서울,부산,4511,2025-07-19 19:00:00,2025-07-20 03:00:00,735000.0,일반,0
S0445,대전,울산,4511,2025-07-23 09:00:00,2025-07-23 17:00:00,607600.0,냉동,50000
S0446,부산,울산,4512,2025-07-17 08:00:00,2025-07-17 19:00:00,459200.0,위험물,150000
S0447,서울,청주,4530,2025-07-05 15:00:00,2025-07-06 03:00:00,528800.0,일반,0
S0448,수원,서울,4530,2025-07-17 17:00:00,2025-07-17 22:00:00,450500.0,일반,0
S0449,대구,서울,4563,2025-07-17 15:00:00,2025-07-17 18:00:00,655600.0,일반,0
S0450,부산,인천,4564,2025-07-27 12:00:00,2025-07-27 19:00:00,748300.0,일반,0
S0451,대전,인천,4568,2025-07-01 13:00:00,2025-07-01 16:00:00,555000.0,일반,0
S0452,부산,울산,4568,2025-07-08 11:00:00,2025-07-08 22:00:00,465200.0,일반,0
S0453,부산,청주,4580,2025-07-20 09:00:00,2025-07-20 17:00:00,636400.0,일반,0
S0454,광주,서울,4608,2025-07-27 20:00:00,2025-07-28 04:00:00,689800.0,냉동,50000
S0455,청주,광주,4609,2025-07-17 13:00:00,2025-07-17 16:00:00,598000.0,일반,0
S0456,대구,울산,4609,2025-07-12 16:00:00,2025-07-13 02:00:00,497500.0,냉동,50000
S0457,울산,인천,4612,2025-07-15 17:00:00,2025-07-15 21:00:00,739300.0,일반,0
S0458,청주,광주,4622,2025-07-10 19:00:00,2025-07-11 01:00:00,598500.0,일반,0
S0459,서울,청주,4624,2025-07-13 20:00:00,2025-07-14 06:00:00,538300.0,일반,0
S0460,창원,청주,4633,2025-07-23 19:00:00,2025-07-24 04:00:00,617400.0,일반,0
S0461,수원,대전,4639,2025-07-06 14:00:00,2025-07-06 18:00:00,534400.0,일반,0
S0462,서울,창원,4644,2025-07-26 16:00:00,2025-07-26 22:00:00,729300.0,일반,0
S0463,수원,대전,4652,2025-07-26 18:00:00,2025-07-27 02:00:00,536400.0,일반,0
S0464,울산,서울,4653,2025-07-27 20:00:00,2025-07-28 06:00:00,737500.0,냉동,50000
S0465,창원,대구,4666,2025-07-16 12:00:00,2025-07-17 00:00:00,503900.0,일반,0
S0466,울산,인천,4671,2025-07-25 13:00:00,2025-07-26 01:00:00,747800.0,일반,0
S0467,수원,창원,4681,2025-07-26 14:00:00,2025-07-26 18:00:00,702500.0,일반,0
S0468,울산,청주,4682,2025-07-27 20:00:00,2025-07-28 06:00:00,638600.0,일반,0
S0469,인천,대구,4687,2025-07-05 10:00:00,2025-07-05 13:00:00,678200.0,유해물질,100000
S0470,청주,부산,4690,2025-07-27 11:00:00,2025-07-27 13:00:00,652400.0,유해물질,100000
S0471,울산,대전,4691,2025-07-25 17:00:00,2025-07-26 04:00:00,631600.0,일반,0
S0472,서울,대전,4712,2025-07-22 14:00:00,2025-07-23 01:00:00,575900.0,위험물,150000
S0473,창원,울산,4716,2025-07-26 10:00:00,2025-07-26 13:00:00,504700.0,일반,0
S0474,청주,서울,4716,2025-07-04 11:00:00,2025-07-04 19:00:00,550300.0,유해물질,100000
S0475,대구,청주,4730,2025-07-03 13:00:00,2025-07-03 15:00:00,569500.0,냉장,30000
S0476,수원,청주,4755,2025-07-08 11:00:00,2025-07-08 15:00:00,518300.0,일반,0
S0477,서울,울산,4765,2025-07-06 19:00:00,2025-07-07 04:00:00,747000.0,일반,0
S0478,부산,인천,4777,2025-07-05 12:00:00,2025-07-05 14:00:00,770300.0,일반,0
S0479,광주,청주,4784,2025-07-16 15:00:00,2025-07-17 03:00:00,615500.0,일반,0
S0480,청주,인천,4789,2025-07-22 19:00:00,2025-07-22 22:00:00,556200.0,일반,0
S0481,대구,인천,4791,2025-07-04 18:00:00,2025-07-05 06:00:00,688200.0,일반,0
S0482,청주,서울,4795,2025-07-21 19:00:00,2025-07-22 04:00:00,556300.0,일반,0
S0483,부산,대전,4803,2025-07-02 15:00:00,2025-07-02 18:00:00,644500.0,냉동,50000
S0484,광주,대구,4807,2025-07-06 14:00:00,2025-07-07 02:00:00,621000.0,유해물질,100000
S0485,인천,창원,4808,2025-07-22 13:00:00,2025-07-22 19:00:00,748400.0,냉동,50000
S0486,광주,수원,4820,2025-07-03 13:00:00,2025-07-03 18:00:00,678400.0,일반,0
S0487,청주,서울,4833,2025-07-15 09:00:00,2025-07-15 16:00:00,556300.0,일반,0
S0488,서울,광주,4877,2025-07-26 20:00:00,2025-07-27 04:00:00,712300.0,일반,0
S0489,광주,서울,4886,2025-07-04 13:00:00,2025-07-04 23:00:00,712300.0,위험물,150000
S0490,인천,부산,4900,2025-07-13 16:00:00,2025-07-13 18:00:00,776300.0,일반,0
S0491,서울,창원,4935,2025-07-22 19:00:00,2025-07-23 05:00:00,749300.0,냉동,50000
S0492,부산,서울,4935,2025-07-21 10:00:00,2025-07-21 12:00:00,773000.0,일반,0
S0493,울산,대전,4936,2025-07-15 08:00:00,2025-07-15 12:00:00,643600.0,일반,0
S0494,광주,대전,4949,2025-07-10 15:00:00,2025-07-10 18:00:00,590800.0,일반,0
S0495,부산,대전,4965,2025-07-18 11:00:00,2025-07-18 22:00:00,650500.0,일반,0
S0496,인천,서울,4977,2025-07-07 20:00:00,2025-07-08 00:00:00,478500.0,냉장,30000
S0497,인천,창원,4980,2025-07-22 18:00:00,2025-07-23 01:00:00,758400.0,일반,0
S0498,부산,광주,4981,2025-07-03 11:00:00,2025-07-03 14:00:00,657200.0,일반,0
S0499,서울,울산,4989,2025-07-25 17:00:00,2025-07-25 20:00:00,762000.0,위험물,150000
S0500,인천,울산,4991,2025-07-26 08:00:00,2025-07-26 19:00:00,771800.0,냉장,30000
S0501,수원,대전,4999,2025-07-28 09:00:00,2025-07-28 18:00:00,562400.0,일반,0
S0502,창원,광주,5004,2025-07-01 17:00:00,2025-07-02 03:00:00,624500.0,냉동,50000
S0503,대전,부산,5010,2025-07-25 10:00:00,2025-07-25 22:00:00,662500.0,유해물질,100000
S0504,대구,부산,5015,2025-07-25 12:00:00,2025-07-25 23:00:00,550000.0,일반,0
S0505,인천,창원,5033,2025-07-15 15:00:00,2025-07-15 20:00:00,766400.0,일반,0
S0506,대전,대구,5035,2025-07-05 18:00:00,2025-07-06 03:00:00,583600.0,일반,0
S0507,서울,인천,5061,2025-07-05 17:00:00,2025-07-06 05:00:00,491000.0,일반,0
S0508,인천,창원,5064,2025-07-15 20:00:00,2025-07-16 02:00:00,768400.0,냉동,50000
S0509,청주,대전,5068,2025-07-09 15:00:00,2025-07-09 20:00:00,499300.0,일반,0
S0510,대전,부산,5082,2025-07-18 11:00:00,2025-07-18 14:00:00,666000.0,일반,0
S0511,부산,인천,5089,2025-07-01 11:00:00,2025-07-01 13:00:00,795800.0,유해물질,100000
S0512,청주,대구,5095,2025-07-11 16:00:00,2025-07-12 01:00:00,597500.0,일반,0
S0513,청주,광주,5116,2025-07-23 18:00:00,2025-07-23 22:00:00,640500.0,일반,0
S0514,대구,창원,5116,2025-07-23 17:00:00,2025-07-24 02:00:00,537900.0,일반,0
S0515,대구,수원,5126,2025-07-13 10:00:00,2025-07-13 22:00:00,675000.0,일반,0
S0516,인천,울산,5126,2025-07-10 19:00:00,2025-07-10 22:00:00,783800.0,일반,0
S0517,부산,창원,5131,2025-07-08 12:00:00,2025-07-08 18:00:00,504200.0,일반,0
S0518,창원,대구,5139,2025-07-07 19:00:00,2025-07-07 22:00:00,539900.0,냉동,50000
S0519,청주,수원,5146,2025-07-09 13:00:00,2025-07-10 00:00:00,549300.0,일반,0
S0520,울산,광주,5205,2025-07-07 16:00:00,2025-07-07 22:00:00,697000.0,일반,0
S0521,울산,대구,5225,2025-07-08 13:00:00,2025-07-08 21:00:00,544000.0,냉장,30000
S0522,창원,부산,5236,2025-07-04 12:00:00,2025-07-04 17:00:00,508200.0,일반,0
S0523,대구,울산,5237,2025-07-01 19:00:00,2025-07-02 06:00:00,546000.0,일반,0
S0524,창원,서울,5243,2025-07-03 20:00:00,2025-07-04 02:00:00,773800.0,일반,0
S0525,청주,대전,5248,2025-07-08 17:00:00,2025-07-09 00:00:00,506300.0,일반,0
S0526,대구,부산,5251,2025-07-27 09:00:00,2025-07-27 11:00:00,560500.0,일반,0
S0527,부산,인천,5257,2025-07-12 08:00:00,2025-07-12 16:00:00,804300.0,일반,0
S0528,창원,광주,5263,2025-07-16 09:00:00,2025-07-16 19:00:00,640500.0,일반,0
S0529,청주,울산,5263,2025-07-27 15:00:00,2025-07-28 02:00:00,680600.0,냉동,50000
S0530,광주,수원,5264,2025-07-23 18:00:00,2025-07-24 03:00:00,712400.0,냉장,30000
S0531,대구,인천,5267,2025-07-07 09:00:00,2025-07-07 18:00:00,723700.0,일반,0
S0532,인천,서울,5285,2025-07-23 12:00:00,2025-07-23 22:00:00,506500.0,일반,0
S0533,청주,대전,5286,2025-07-21 15:00:00,2025-07-21 21:00:00,513800.0,유해물질,100000
S0534,대전,부산,5288,2025-07-25 08:00:00,2025-07-25 13:00:00,682500.0,냉장,30000
S0535,창원,수원,5293,2025-07-25 12:00:00,2025-07-26 00:00:00,752500.0,일반,0
S0536,인천,창원,5303,2025-07-04 11:00:00,2025-07-04 19:00:00,787400.0,일반,0
S0537,울산,서울,5322,2025-07-07 09:00:00,2025-07-07 12:00:00,791000.0,일반,0
S0538,대구,인천,5325,2025-07-11 11:00:00,2025-07-11 19:00:00,728200.0,일반,0
S0539,청주,대구,5330,2025-07-01 11:00:00,2025-07-01 16:00:00,617500.0,일반,0
S0540,대전,광주,5354,2025-07-20 14:00:00,2025-07-20 21:00:00,626800.0,일반,0
S0541,수원,대전,5356,2025-07-23 12:00:00,2025-07-23 18:00:00,592400.0,일반,0
S0542,수원,서울,5371,2025-07-03 20:00:00,2025-07-04 03:00:00,520500.0,일반,0
S0543,서울,울산,5379,2025-07-18 20:00:00,2025-07-19 07:00:00,795000.0,일반,0
S0544,광주,대구,5382,2025-07-19 16:00:00,2025-07-19 23:00:00,667000.0,일반,0
S0545,부산,창원,5389,2025-07-15 09:00:00,2025-07-15 15:00:00,526200.0,일반,0
S0546,인천,수원,5390,2025-07-01 20:00:00,2025-07-02 08:00:00,527700.0,일반,0
S0547,창원,인천,5392,2025-07-21 20:00:00,2025-07-22 07:00:00,796400.0,일반,0
S0548,대구,대전,5414,2025-07-12 13:00:00,2025-07-12 19:00:00,613600.0,일반,0
S0549,창원,서울,5429,2025-07-07 09:00:00,2025-07-07 12:00:00,794800.0,일반,0
S0550,청주,대전,5432,2025-07-13 09:00:00,2025-07-13 19:00:00,527300.0,냉동,50000
S0551,창원,대구,5433,2025-07-26 11:00:00,2025-07-26 17:00:00,565400.0,일반,0
S0552,창원,청주,5446,2025-07-06 15:00:00,2025-07-07 01:00:00,683900.0,일반,0
S0553,창원,서울,5451,2025-07-19 18:00:00,2025-07-20 02:00:00,794800.0,냉장,30000
S0554,대구,창원,5476,2025-07-19 14:00:00,2025-07-20 02:00:00,565900.0,냉장,30000
S0555,부산,대구,5515,2025-07-18 12:00:00,2025-07-18 23:00:00,582000.0,일반,0
S0556,서울,청주,5516,2025-07-27 09:00:00,2025-07-27 12:00:00,608300.0,일반,0
S0557,수원,창원,5553,2025-07-06 08:00:00,2025-07-06 16:00:00,766500.0,일반,0
S0558,인천,대전,5561,2025-07-06 11:00:00,2025-07-06 21:00:00,635000.0,일반,0
S0559,부산,서울,5573,2025-07-10 14:00:00,2025-07-10 17:00:00,823000.0,냉동,50000
S0560,대전,광주,5586,2025-07-07 15:00:00,2025-07-07 21:00:00,638800.0,냉장,30000
S0561,대전,울산,5596,2025-07-11 17:00:00,2025-07-12 01:00:00,695600.0,일반,0
S0562,부산,대구,5608,2025-07-12 16:00:00,2025-07-12 21:00:00,588000.0,일반,0
S0563,창원,부산,5609,2025-07-20 08:00:00,2025-07-20 16:00:00,536700.0,일반,0
S0564,인천,대전,5623,2025-07-03 14:00:00,2025-07-03 17:00:00,637500.0,일반,0
S0565,창원,광주,5629,2025-07-08 18:00:00,2025-07-08 21:00:00,668500.0,일반,0
S0566,서울,창원,5645,2025-07-08 10:00:00,2025-07-08 20:00:00,805300.0,위험물,150000
S0567,창원,인천,5648,2025-07-16 11:00:00,2025-07-16 17:00:00,808400.0,일반,0
S0568,대전,광주,5655,2025-07-06 20:00:00,2025-07-07 05:00:00,644800.0,일반,0
S0569,대전,수원,5675,2025-07-22 16:00:00,2025-07-22 22:00:00,610400.0,냉동,50000
S0570,청주,대구,5694,2025-07-20 20:00:00,2025-07-21 08:00:00,635500.0,일반,0
S0571,인천,부산,5697,2025-07-15 08:00:00,2025-07-15 12:00:00,834300.0,일반,0
S0572,인천,청주,5697,2025-07-10 15:00:00,2025-07-11 02:00:00,620200.0,위험물,150000
S0573,수원,광주,5705,2025-07-24 18:00:00,2025-07-24 20:00:00,741900.0,위험물,150000
S0574,대전,창원,5724,2025-07-26 19:00:00,2025-07-27 02:00:00,679000.0,일반,0
S0575,인천,광주,5752,2025-07-16 19:00:00,2025-07-17 04:00:00,763600.0,일반,0
S0576,수원,인천,5752,2025-07-05 18:00:00,2025-07-05 21:00:00,546700.0,일반,0
S0577,인천,수원,5760,2025-07-18 12:00:00,2025-07-19 00:00:00,546700.0,냉장,30000
S0578,창원,부산,5765,2025-07-25 18:00:00,2025-07-26 00:00:00,547200.0,일반,0
S0579,청주,서울,5773,2025-07-15 11:00:00,2025-07-15 19:00:00,624300.0,일반,0
S0580,광주,청주,5780,2025-07-13 19:00:00,2025-07-14 04:00:00,688500.0,일반,0
S0581,대전,대구,5783,2025-07-13 10:00:00,2025-07-13 14:00:00,635600.0,일반,0
S0582,청주,수원,5788,2025-07-28 18:00:00,2025-07-29 00:00:00,594800.0,일반,0
S0583,수원,울산,5791,2025-07-01 16:00:00,2025-07-02 04:00:00,796200.0,냉장,30000
S0584,수원,광주,5793,2025-07-11 20:00:00,2025-07-12 07:00:00,752400.0,일반,0
S0585,울산,수원,5794,2025-07-10 10:00:00,2025-07-10 16:00:00,801700.0,냉장,30000
S0586,수원,창원,5794,2025-07-07 20:00:00,2025-07-08 00:00:00,792500.0,냉동,50000
S0587,청주,인천,5803,2025-07-22 19:00:00,2025-07-23 07:00:00,640200.0,일반,0
S0588,창원,광주,5804,2025-07-19 08:00:00,2025-07-19 13:00:00,692500.0,일반,0
S0589,부산,광주,5818,2025-07-14 11:00:00,2025-07-14 20:00:00,728200.0,유해물질,100000
S0590,대전,창원,5823,2025-07-16 20:00:00,2025-07-17 01:00:00,699000.0,유해물질,100000
S0591,부산,울산,5833,2025-07-14 09:00:00,2025-07-14 21:00:00,573200.0,일반,0
S0592,대전,울산,5844,2025-07-26 16:00:00,2025-07-26 21:00:00,723600.0,위험물,150000
S0593,부산,대구,5844,2025-07-15 08:00:00,2025-07-15 14:00:00,616000.0,일반,0
S0594,대구,광주,5861,2025-07-24 16:00:00,2025-07-24 20:00:00,707000.0,위험물,150000
S0595,광주,청주,5872,2025-07-03 17:00:00,2025-07-04 04:00:00,706500.0,일반,0
S0596,청주,광주,5875,2025-07-14 10:00:00,2025-07-14 20:00:00,706500.0,일반,0
S0597,대전,광주,5876,2025-07-10 10:00:00,2025-07-10 22:00:00,672800.0,일반,0
S0598,광주,창원,5904,2025-07-19 11:00:00,2025-07-19 22:00:00,698500.0,위험물,150000
S0599,대구,울산,5905,2025-07-26 16:00:00,2025-07-27 02:00:00,606000.0,냉동,50000
S0600,대전,울산,5926,2025-07-01 18:00:00,2025-07-01 21:00:00,727600.0,위험물,150000
S0601,수원,청주,5931,2025-07-06 18:00:00,2025-07-07 04:00:00,614300.0,일반,0
S0602,부산,대전,5952,2025-07-01 19:00:00,2025-07-02 02:00:00,736500.0,일반,0
S0603,울산,창원,5952,2025-07-15 17:00:00,2025-07-16 03:00:00,602700.0,일반,0
S0604,창원,청주,5955,2025-07-13 13:00:00,2025-07-13 17:00:00,729400.0,일반,0
S0605,수원,부산,5959,2025-07-28 09:00:00,2025-07-28 17:00:00,834600.0,일반,0
S0606,창원,수원,5969,2025-07-05 20:00:00,2025-07-06 05:00:00,810500.0,일반,0
S0607,대구,부산,5972,2025-07-09 17:00:00,2025-07-10 03:00:00,630500.0,일반,0
S0608,울산,수원,5975,2025-07-16 14:00:00,2025-07-17 02:00:00,824200.0,일반,0
S0609,부산,청주,5990,2025-07-18 18:00:00,2025-07-18 20:00:00,762400.0,일반,0
S0610,인천,대전,6001,2025-07-07 17:00:00,2025-07-08 00:00:00,683000.0,일반,0
S0611,부산,울산,6006,2025-07-22 08:00:00,2025-07-22 12:00:00,594700.0,냉장,30000
S0612,청주,서울,6007,2025-07-15 16:00:00,2025-07-15 23:00:00,661800.0,일반,0
S0613,인천,부산,6010,2025-07-22 20:00:00,2025-07-23 08:00:00,879800.0,일반,0
S0614,수원,울산,6028,2025-07-12 10:00:00,2025-07-12 22:00:00,830200.0,일반,0
S0615,울산,청주,6031,2025-07-25 17:00:00,2025-07-26 02:00:00,756600.0,일반,0
S0616,수원,대구,6056,2025-07-11 10:00:00,2025-07-11 17:00:00,761000.0,일반,0
S0617,대전,대구,6073,2025-07-08 12:00:00,2025-07-08 16:00:00,673600.0,일반,0
S0618,인천,울산,6080,2025-07-12 15:00:00,2025-07-12 18:00:00,867800.0,일반,0
S0619,대전,부산,6087,2025-07-13 17:00:00,2025-07-14 04:00:00,753500.0,냉장,30000
S0620,청주,부산,6113,2025-07-14 10:00:00,2025-07-14 19:00:00,769400.0,일반,0
S0621,수원,창원,6117,2025-07-17 11:00:00,2025-07-17 21:00:00,823500.0,일반,0
S0622,광주,대전,6125,2025-07-23 15:00:00,2025-07-23 21:00:00,694800.0,일반,0
S0623,서울,인천,6129,2025-07-19 12:00:00,2025-07-19 21:00:00,583000.0,일반,0
S0624,대전,광주,6138,2025-07-24 20:00:00,2025-07-24 23:00:00,696800.0,일반,0
S0625,부산,대구,6157,2025-07-14 18:00:00,2025-07-15 05:00:00,644000.0,냉동,50000
S0626,청주,수원,6159,2025-07-27 16:00:00,2025-07-28 02:00:00,636800.0,냉동,50000
S0627,서울,수원,6166,2025-07-07 16:00:00,2025-07-08 01:00:00,590500.0,위험물,150000
S0628,광주,청주,6169,2025-07-24 12:00:00,2025-07-24 22:00:00,732500.0,일반,0
S0629,대전,광주,6174,2025-07-02 20:00:00,2025-07-02 23:00:00,698800.0,냉동,50000
S0630,창원,수원,6184,2025-07-27 14:00:00,2025-07-27 21:00:00,828500.0,일반,0
S0631,대구,창원,6186,2025-07-06 15:00:00,2025-07-07 01:00:00,631900.0,일반,0
S0632,부산,청주,6189,2025-07-23 11:00:00,2025-07-23 17:00:00,778400.0,일반,0
S0633,대전,청주,6200,2025-07-24 16:00:00,2025-07-25 01:00:00,597300.0,일반,0
S0634,대전,창원,6214,2025-07-05 10:00:00,2025-07-05 22:00:00,734500.0,일반,0
S0635,대구,인천,6234,2025-07-28 14:00:00,2025-07-29 02:00:00,807700.0,일반,0
S0636,부산,청주,6234,2025-07-27 09:00:00,2025-07-27 16:00:00,779900.0,냉장,30000
S0637,수원,울산,6239,2025-07-20 11:00:00,2025-07-20 23:00:00,844200.0,유해물질,100000
S0638,대전,울산,6241,2025-07-14 15:00:00,2025-07-15 00:00:00,759600.0,일반,0
S0639,울산,부산,6249,2025-07-12 14:00:00,2025-07-13 00:00:00,612200.0,일반,0
S0640,수원,창원,6282,2025-07-13 16:00:00,2025-07-13 19:00:00,838500.0,냉동,50000
S0641,청주,인천,6289,2025-07-02 11:00:00,2025-07-02 20:00:00,684200.0,일반,0
S0642,수원,울산,6291,2025-07-03 15:00:00,2025-07-03 22:00:00,850200.0,일반,0
S0643,수원,부산,6303,2025-07-06 18:00:00,2025-07-07 06:00:00,866100.0,냉장,30000
S0644,청주,광주,6309,2025-07-23 20:00:00,2025-07-23 23:00:00,745000.0,위험물,150000
S0645,청주,서울,6324,2025-07-26 10:00:00,2025-07-26 14:00:00,686300.0,일반,0
S0646,대구,울산,6329,2025-07-16 19:00:00,2025-07-17 07:00:00,648000.0,냉동,50000
S0647,수원,청주,6342,2025-07-27 10:00:00,2025-07-27 13:00:00,654300.0,일반,0
S0648,울산,창원,6364,2025-07-03 18:00:00,2025-07-04 02:00:00,640700.0,유해물질,100000
S0649,서울,수원,6366,2025-07-11 08:00:00,2025-07-11 10:00:00,608000.0,일반,0
S0650,수원,대구,6366,2025-07-05 08:00:00,2025-07-05 18:00:00,785000.0,냉장,30000
S0651,수원,인천,6390,2025-07-05 19:00:00,2025-07-06 06:00:00,611700.0,일반,0
S0652,부산,서울,6390,2025-07-08 17:00:00,2025-07-08 20:00:00,901000.0,일반,0
S0653,대전,울산,6404,2025-07-10 12:00:00,2025-07-10 21:00:00,771600.0,일반,0
S0654,대구,대전,6407,2025-07-09 20:00:00,2025-07-10 08:00:00,697600.0,일반,0
S0655,인천,부산,6427,2025-07-24 12:00:00,2025-07-24 19:00:00,907800.0,일반,0
S0656,부산,울산,6429,2025-07-21 19:00:00,2025-07-21 21:00:00,623200.0,일반,0
S0657,청주,창원,6436,2025-07-14 13:00:00,2025-07-14 21:00:00,768400.0,일반,0
S0658,창원,부산,6438,2025-07-14 19:00:00,2025-07-15 03:00:00,614200.0,일반,0
S0659,대구,수원,6461,2025-07-02 17:00:00,2025-07-02 20:00:00,790000.0,냉장,30000
S0660,광주,울산,6467,2025-07-21 08:00:00,2025-07-21 10:00:00,808000.0,냉장,30000
S0661,인천,창원,6468,2025-07-05 08:00:00,2025-07-05 19:00:00,885400.0,일반,0
S0662,부산,수원,6476,2025-07-13 13:00:00,2025-07-14 01:00:00,876600.0,냉장,30000
S0663,창원,대전,6505,2025-07-20 11:00:00,2025-07-20 20:00:00,753000.0,일반,0
S0664,울산,창원,6538,2025-07-11 11:00:00,2025-07-11 18:00:00,651200.0,냉동,50000
S0665,청주,대전,6542,2025-07-09 08:00:00,2025-07-09 11:00:00,618300.0,냉동,50000
S0666,대구,울산,6561,2025-07-14 09:00:00,2025-07-14 21:00:00,660000.0,일반,0
S0667,부산,광주,6582,2025-07-22 19:00:00,2025-07-23 01:00:00,788200.0,일반,0
S0668,수원,서울,6598,2025-07-17 16:00:00,2025-07-18 03:00:00,620000.0,냉장,30000
S0669,청주,수원,6601,2025-07-28 15:00:00,2025-07-28 17:00:00,668300.0,일반,0
S0670,서울,광주,6614,2025-07-12 08:00:00,2025-07-12 15:00:00,855800.0,일반,0
S0671,수원,울산,6650,2025-07-19 13:00:00,2025-07-19 22:00:00,868200.0,일반,0
S0672,대구,부산,6650,2025-07-10 16:00:00,2025-07-11 00:00:00,680000.0,일반,0
S0673,서울,인천,6653,2025-07-02 08:00:00,2025-07-02 15:00:00,619000.0,냉장,30000
S0674,창원,대구,6665,2025-07-20 12:00:00,2025-07-20 14:00:00,665900.0,일반,0
S0675,인천,광주,6669,2025-07-06 12:00:00,2025-07-06 21:00:00,849600.0,일반,0
S0676,대전,부산,6677,2025-07-21 15:00:00,2025-07-22 00:00:00,794500.0,일반,0
S0677,인천,울산,6687,2025-07-07 15:00:00,2025-07-07 18:00:00,911800.0,일반,0
S0678,인천,수원,6723,2025-07-19 09:00:00,2025-07-19 11:00:00,634200.0,일반,0
S0679,서울,광주,6730,2025-07-17 11:00:00,2025-07-17 14:00:00,866300.0,일반,0
S0680,창원,대전,6731,2025-07-07 11:00:00,2025-07-07 18:00:00,773000.0,냉동,50000
S0681,대전,창원,6739,2025-07-04 08:00:00,2025-07-04 11:00:00,773000.0,일반,0
S0682,광주,청주,6740,2025-07-17 14:00:00,2025-07-18 02:00:00,780000.0,유해물질,100000
S0683,대전,서울,6748,2025-07-12 09:00:00,2025-07-12 20:00:00,745400.0,일반,0
S0684,대구,광주,6763,2025-07-13 15:00:00,2025-07-14 00:00:00,783000.0,일반,0
S0685,울산,대구,6816,2025-07-18 14:00:00,2025-07-18 16:00:00,686500.0,위험물,150000
S0686,울산,서울,6842,2025-07-10 13:00:00,2025-07-10 19:00:00,923000.0,일반,0
S0687,수원,청주,6844,2025-07-12 09:00:00,2025-07-12 21:00:00,703300.0,일반,0
S0688,창원,광주,6846,2025-07-05 12:00:00,2025-07-05 23:00:00,789500.0,냉동,50000
S0689,인천,청주,6876,2025-07-19 09:00:00,2025-07-19 16:00:00,740700.0,일반,0
S0690,수원,서울,6877,2025-07-09 18:00:00,2025-07-10 03:00:00,660500.0,냉장,30000
S0691,부산,창원,6879,2025-07-05 20:00:00,2025-07-06 01:00:00,666200.0,일반,0
S0692,대구,서울,6880,2025-07-16 08:00:00,2025-07-16 12:00:00,867600.0,냉장,30000
S0693,대전,청주,6883,2025-07-21 17:00:00,2025-07-21 22:00:00,663800.0,냉장,30000
S0694,대구,대전,6896,2025-07-11 11:00:00,2025-07-11 16:00:00,751600.0,일반,0
S0695,청주,수원,6918,2025-07-19 09:00:00,2025-07-19 21:00:00,713800.0,일반,0
S0696,대전,수원,6926,2025-07-12 16:00:00,2025-07-12 19:00:00,739900.0,냉동,50000
S0697,서울,창원,6927,2025-07-12 12:00:00,2025-07-12 14:00:00,937300.0,일반,0
S0698,대전,청주,6945,2025-07-18 15:00:00,2025-07-19 03:00:00,669800.0,일반,0
S0699,수원,청주,6966,2025-07-02 20:00:00,2025-07-03 05:00:00,717300.0,일반,0
S0700,청주,인천,6966,2025-07-03 13:00:00,2025-07-03 21:00:00,754700.0,일반,0
S0701,대구,울산,6967,2025-07-11 20:00:00,2025-07-11 23:00:00,714500.0,냉동,50000
S0702,울산,창원,6982,2025-07-22 15:00:00,2025-07-23 00:00:00,707200.0,일반,0
S0703,부산,울산,6984,2025-07-25 18:00:00,2025-07-26 01:00:00,689200.0,일반,0
S0704,대전,청주,6987,2025-07-26 15:00:00,2025-07-27 03:00:00,677800.0,냉장,30000
S0705,청주,수원,6988,2025-07-15 20:00:00,2025-07-15 22:00:00,727800.0,일반,0
S0706,청주,부산,6993,2025-07-17 18:00:00,2025-07-18 03:00:00,864400.0,일반,0
S0707,울산,수원,6994,2025-07-07 17:00:00,2025-07-08 00:00:00,928200.0,일반,0
S0708,부산,청주,7037,2025-07-20 14:00:00,2025-07-20 17:00:00,867400.0,냉동,50000
S0709,대전,서울,7040,2025-07-21 19:00:00,2025-07-22 05:00:00,790900.0,일반,0
S0710,광주,울산,7046,2025-07-25 20:00:00,2025-07-26 00:00:00,881000.0,일반,0
S0711,부산,창원,7050,2025-07-25 18:00:00,2025-07-26 05:00:00,694200.0,일반,0
S0712,부산,수원,7052,2025-07-27 19:00:00,2025-07-28 05:00:00,957100.0,일반,0
S0713,울산,대전,7052,2025-07-12 09:00:00,2025-07-12 14:00:00,857100.0,일반,0
S0714,광주,울산,7054,2025-07-21 19:00:00,2025-07-22 06:00:00,892000.0,일반,0
S0715,수원,청주,7056,2025-07-15 13:00:00,2025-07-15 20:00:00,745300.0,일반,0
S0716,광주,부산,7068,2025-07-12 18:00:00,2025-07-13 03:00:00,870700.0,일반,0
S0717,대구,서울,7073,2025-07-08 16:00:00,2025-07-09 03:00:00,906100.0,일반,0
S0718,울산,부산,7075,2025-07-04 11:00:00,2025-07-04 17:00:00,717200.0,일반,0
S0719,청주,부산,7077,2025-07-25 15:00:00,2025-07-26 01:00:00,888400.0,일반,0
S0720,창원,울산,7099,2025-07-06 08:00:00,2025-07-06 13:00:00,738700.0,유해물질,100000
S0721,대전,청주,7105,2025-07-28 16:00:00,2025-07-29 04:00:00,705800.0,냉동,50000
S0722,인천,광주,7128,2025-07-06 15:00:00,2025-07-07 00:00:00,931100.0,일반,0
S0723,대구,창원,7138,2025-07-25 10:00:00,2025-07-25 20:00:00,749900.0,일반,0
S0724,울산,창원,7143,2025-07-06 14:00:00,2025-07-06 16:00:00,749200.0,냉장,30000
S0725,울산,창원,7144,2025-07-06 16:00:00,2025-07-06 21:00:00,752700.0,냉장,30000
S0726,울산,대전,7152,2025-07-17 10:00:00,2025-07-17 17:00:00,881600.0,일반,0
S0727,대구,부산,7153,2025-07-21 09:00:00,2025-07-21 18:00:00,777500.0,일반,0
S0728,청주,인천,7181,2025-07-02 16:00:00,2025-07-03 03:00:00,803700.0,냉장,30000
S0729,울산,인천,7184,2025-07-03 16:00:00,2025-07-03 18:00:00,1005800.0,유해물질,100000
S0730,서울,수원,7195,2025-07-16 14:00:00,2025-07-16 22:00:00,730000.0,냉동,50000
S0731,대전,창원,7196,2025-07-07 13:00:00,2025-07-08 01:00:00,867500.0,일반,0
S0732,서울,울산,7200,2025-07-18 15:00:00,2025-07-18 19:00:00,1003500.0,일반,0
S0733,인천,대구,7237,2025-07-21 19:00:00,2025-07-22 07:00:00,944200.0,일반,0
S0734,청주,울산,7241,2025-07-14 08:00:00,2025-07-14 13:00:00,904600.0,유해물질,100000
S0735,인천,수원,7242,2025-07-10 08:00:00,2025-07-10 16:00:00,735700.0,일반,0
S0736,수원,대전,7262,2025-07-27 11:00:00,2025-07-27 16:00:00,808400.0,일반,0
S0737,대구,울산,7269,2025-07-21 20:00:00,2025-07-22 05:00:00,777500.0,일반,0
S0738,광주,대전,7269,2025-07-05 08:00:00,2025-07-05 15:00:00,847800.0,냉장,30000
S0739,대구,부산,7280,2025-07-26 17:00:00,2025-07-27 05:00:00,796000.0,일반,0
S0740,대구,울산,7281,2025-07-08 17:00:00,2025-07-09 00:00:00,788000.0,일반,0
S0741,청주,울산,7282,2025-07-24 11:00:00,2025-07-24 23:00:00,918600.0,일반,0
S0742,서울,인천,7282,2025-07-08 09:00:00,2025-07-08 14:00:00,741000.0,일반,0
S0743,부산,광주,7283,2025-07-11 11:00:00,2025-07-11 20:00:00,916200.0,일반,0
S0744,수원,창원,7292,2025-07-13 09:00:00,2025-07-13 18:00:00,988000.0,일반,0
S0745,청주,울산,7301,2025-07-07 18:00:00,2025-07-08 06:00:00,922100.0,냉장,30000
S0746,수원,인천,7304,2025-07-11 20:00:00,2025-07-12 07:00:00,753200.0,일반,0
S0747,부산,창원,7312,2025-07-03 18:00:00,2025-07-03 23:00:00,753700.0,일반,0
S0748,인천,부산,7319,2025-07-27 12:00:00,2025-07-27 14:00:00,1051300.0,일반,0
S0749,서울,대구,7324,2025-07-12 11:00:00,2025-07-12 22:00:00,958600.0,냉동,50000
S0750,울산,대전,7356,2025-07-13 14:00:00,2025-07-13 18:00:00,916600.0,일반,0
S0751,인천,서울,7370,2025-07-03 09:00:00,2025-07-03 15:00:00,751500.0,냉동,50000
S0752,광주,창원,7379,2025-07-20 13:00:00,2025-07-21 01:00:00,891000.0,일반,0
S0753,대구,부산,7390,2025-07-26 15:00:00,2025-07-26 22:00:00,816000.0,일반,0
S0754,울산,인천,7407,2025-07-08 14:00:00,2025-07-08 17:00:00,1047300.0,냉장,30000
S0755,대구,광주,7415,2025-07-26 08:00:00,2025-07-26 12:00:00,908500.0,냉장,30000
S0756,부산,인천,7418,2025-07-20 17:00:00,2025-07-20 20:00:00,1061800.0,일반,0
S0757,대전,광주,7426,2025-07-28 13:00:00,2025-07-28 16:00:00,875800.0,위험물,150000
S0758,부산,수원,7433,2025-07-26 09:00:00,2025-07-26 16:00:00,1033600.0,냉장,30000
S0759,수원,광주,7446,2025-07-08 14:00:00,2025-07-08 17:00:00,972400.0,냉동,50000
S0760,청주,서울,7453,2025-07-02 09:00:00,2025-07-02 13:00:00,850300.0,일반,0
S0761,부산,대전,7453,2025-07-23 19:00:00,2025-07-24 07:00:00,939000.0,유해물질,100000
S0762,수원,서울,7454,2025-07-23 15:00:00,2025-07-24 00:00:00,772500.0,일반,0
S0763,광주,울산,7462,2025-07-28 16:00:00,2025-07-29 00:00:00,971000.0,일반,0
S0764,청주,대구,7479,2025-07-03 13:00:00,2025-07-04 00:00:00,875500.0,일반,0
S0765,광주,대구,7483,2025-07-15 20:00:00,2025-07-16 01:00:00,921000.0,일반,0
S0766,수원,인천,7491,2025-07-14 20:00:00,2025-07-15 08:00:00,785700.0,일반,0
S0767,창원,수원,7512,2025-07-08 10:00:00,2025-07-08 14:00:00,1020500.0,일반,0
S0768,부산,울산,7525,2025-07-22 18:00:00,2025-07-23 04:00:00,797700.0,일반,0
S0769,울산,서울,7532,2025-07-22 12:00:00,2025-07-22 18:00:00,1059500.0,일반,0
S0770,창원,서울,7568,2025-07-16 13:00:00,2025-07-17 00:00:00,1053800.0,냉동,50000
S0771,인천,대전,7594,2025-07-02 19:00:00,2025-07-03 02:00:00,893000.0,냉장,30000
S0772,대전,창원,7594,2025-07-15 10:00:00,2025-07-15 17:00:00,927000.0,일반,0
S0773,부산,수원,7595,2025-07-02 11:00:00,2025-07-02 17:00:00,1051600.0,일반,0
S0774,광주,청주,7596,2025-07-07 20:00:00,2025-07-08 07:00:00,930500.0,일반,0
S0775,인천,창원,7599,2025-07-21 18:00:00,2025-07-22 03:00:00,1063900.0,일반,0
S0776,청주,서울,7620,2025-07-16 12:00:00,2025-07-16 16:00:00,878800.0,일반,0
S0777,창원,인천,7626,2025-07-11 13:00:00,2025-07-11 23:00:00,1077900.0,일반,0
S0778,서울,창원,7629,2025-07-04 20:00:00,2025-07-04 22:00:00,1074800.0,냉동,50000
S0779,광주,부산,7633,2025-07-18 16:00:00,2025-07-19 03:00:00,976200.0,일반,0
S0780,광주,창원,7646,2025-07-23 11:00:00,2025-07-23 14:00:00,943500.0,일반,0
S0781,수원,인천,7655,2025-07-26 13:00:00,2025-07-26 21:00:00,815700.0,일반,0
S0782,대구,청주,7662,2025-07-28 14:00:00,2025-07-28 23:00:00,912000.0,위험물,150000
S0783,광주,창원,7685,2025-07-24 18:00:00,2025-07-25 02:00:00,947000.0,냉장,30000
S0784,대구,울산,7685,2025-07-21 09:00:00,2025-07-21 14:00:00,858000.0,냉동,50000
S0785,수원,울산,7690,2025-07-01 10:00:00,2025-07-01 17:00:00,1067700.0,냉동,50000
S0786,수원,창원,7696,2025-07-12 19:00:00,2025-07-12 23:00:00,1058000.0,일반,0
S0787,서울,창원,7698,2025-07-08 11:00:00,2025-07-08 22:00:00,1088800.0,냉장,30000
S0788,인천,수원,7701,2025-07-28 08:00:00,2025-07-28 18:00:00,826700.0,냉장,30000
S0789,청주,수원,7709,2025-07-09 10:00:00,2025-07-09 15:00:00,874800.0,일반,0
S0790,부산,대구,7721,2025-07-28 11:00:00,2025-07-28 14:00:00,886000.0,일반,0
S0791,청주,창원,7738,2025-07-25 13:00:00,2025-07-25 23:00:00,988400.0,일반,0
S0792,울산,서울,7744,2025-07-04 16:00:00,2025-07-05 00:00:00,1108500.0,위험물,150000
S0793,청주,광주,7774,2025-07-25 13:00:00,2025-07-25 16:00:00,979500.0,일반,0
S0794,창원,서울,7787,2025-07-15 11:00:00,2025-07-15 18:00:00,1106300.0,일반,0
S0795,광주,청주,7793,2025-07-24 08:00:00,2025-07-24 16:00:00,979500.0,냉동,50000
S0796,인천,울산,7807,2025-07-16 20:00:00,2025-07-16 23:00:00,1124300.0,유해물질,100000
S0797,수원,부산,7811,2025-07-02 17:00:00,2025-07-02 20:00:00,1104100.0,일반,0
S0798,부산,창원,7816,2025-07-18 19:00:00,2025-07-19 02:00:00,848200.0,일반,0
S0799,청주,서울,7832,2025-07-21 08:00:00,2025-07-21 12:00:00,927800.0,일반,0
S0800,부산,대전,7852,2025-07-26 16:00:00,2025-07-26 20:00:00,1019500.0,일반,0
S0801,광주,인천,7886,2025-07-20 10:00:00,2025-07-20 17:00:00,1074600.0,일반,0
S0802,서울,울산,7893,2025-07-25 17:00:00,2025-07-26 01:00:00,1129500.0,일반,0
S0803,대구,부산,7897,2025-07-22 14:00:00,2025-07-22 23:00:00,910500.0,일반,0
S0804,대전,서울,7927,2025-07-18 14:00:00,2025-07-18 22:00:00,965900.0,냉동,50000
S0805,대구,부산,7942,2025-07-26 12:00:00,2025-07-26 23:00:00,917500.0,냉동,50000
S0806,부산,울산,7966,2025-07-14 12:00:00,2025-07-14 17:00:00,874700.0,일반,0
S0807,울산,인천,7966,2025-07-01 09:00:00,2025-07-01 17:00:00,1148800.0,일반,0
S0808,대전,인천,8004,2025-07-18 15:00:00,2025-07-19 01:00:00,970000.0,냉장,30000
S0809,대구,서울,8025,2025-07-02 18:00:00,2025-07-02 21:00:00,1074100.0,일반,0
S0810,부산,서울,8043,2025-07-11 18:00:00,2025-07-11 21:00:00,1161500.0,냉장,30000
S0811,청주,부산,8087,2025-07-15 18:00:00,2025-07-16 06:00:00,1052900.0,유해물질,100000
S0812,대전,수원,8090,2025-07-09 19:00:00,2025-07-10 04:00:00,942900.0,일반,0
S0813,대전,울산,8103,2025-07-10 19:00:00,2025-07-10 22:00:00,1035600.0,일반,0
S0814,대구,창원,8104,2025-07-26 20:00:00,2025-07-26 23:00:00,915400.0,일반,0
S0815,울산,창원,8122,2025-07-19 12:00:00,2025-07-19 15:00:00,910200.0,일반,0
S0816,광주,청주,8133,2025-07-24 13:00:00,2025-07-24 18:00:00,1020500.0,냉장,30000
S0817,대전,인천,8139,2025-07-18 13:00:00,2025-07-18 19:00:00,984000.0,냉동,50000
S0818,대구,대전,8141,2025-07-23 18:00:00,2025-07-23 20:00:00,972100.0,일반,0
S0819,대전,광주,8157,2025-07-18 12:00:00,2025-07-18 23:00:00,991300.0,일반,0
S0820,청주,부산,8162,2025-07-18 15:00:00,2025-07-18 17:00:00,1068400.0,일반,0
S0821,수원,광주,8166,2025-07-26 19:00:00,2025-07-26 21:00:00,1092400.0,일반,0
S0822,대전,청주,8167,2025-07-20 14:00:00,2025-07-21 01:00:00,891800.0,일반,0
S0823,인천,대전,8170,2025-07-17 15:00:00,2025-07-17 21:00:00,998000.0,일반,0
S0824,청주,인천,8193,2025-07-15 17:00:00,2025-07-16 01:00:00,975200.0,위험물,150000
S0825,청주,서울,8197,2025-07-24 15:00:00,2025-07-24 23:00:00,973300.0,일반,0
S0826,청주,광주,8202,2025-07-15 18:00:00,2025-07-15 20:00:00,1038500.0,냉장,30000
S0827,인천,대전,8202,2025-07-15 18:00:00,2025-07-16 00:00:00,1001500.0,유해물질,100000
S0828,인천,울산,8207,2025-07-26 17:00:00,2025-07-27 02:00:00,1180300.0,일반,0
S0829,부산,울산,8231,2025-07-26 20:00:00,2025-07-27 01:00:00,909700.0,일반,0
S0830,창원,대구,8232,2025-07-01 16:00:00,2025-07-02 02:00:00,943400.0,일반,0
S0831,수원,대전,8239,2025-07-15 16:00:00,2025-07-15 21:00:00,977900.0,일반,0
S0832,청주,창원,8251,2025-07-10 15:00:00,2025-07-10 22:00:00,1065400.0,일반,0
S0833,울산,서울,8252,2025-07-20 15:00:00,2025-07-21 01:00:00,1182000.0,일반,0
S0834,대전,수원,8265,2025-07-08 15:00:00,2025-07-08 22:00:00,981400.0,일반,0
S0835,수원,대구,8267,2025-07-13 10:00:00,2025-07-13 22:00:00,1085000.0,일반,0
S0836,부산,청주,8275,2025-07-15 08:00:00,2025-07-15 14:00:00,1092400.0,위험물,150000
S0837,서울,창원,8275,2025-07-19 14:00:00,2025-07-19 21:00:00,1177300.0,일반,0
S0838,울산,대구,8278,2025-07-23 14:00:00,2025-07-23 19:00:00,956000.0,일반,0
S0839,청주,창원,8292,2025-07-15 13:00:00,2025-07-16 01:00:00,1072400.0,일반,0
S0840,대전,청주,8306,2025-07-27 18:00:00,2025-07-28 01:00:00,915800.0,냉동,50000
S0841,창원,대전,8312,2025-07-21 09:00:00,2025-07-21 16:00:00,1056500.0,일반,0
S0842,대구,청주,8318,2025-07-14 12:00:00,2025-07-15 00:00:00,1020500.0,위험물,150000
S0843,청주,서울,8330,2025-07-16 08:00:00,2025-07-16 14:00:00,1001300.0,일반,0
S0844,수원,창원,8334,2025-07-12 16:00:00,2025-07-13 04:00:00,1159500.0,일반,0
S0845,인천,서울,8334,2025-07-06 17:00:00,2025-07-06 21:00:00,919500.0,냉동,50000
S0846,대전,인천,8346,2025-07-02 12:00:00,2025-07-02 20:00:00,1029500.0,일반,0
S0847,서울,대구,8354,2025-07-20 10:00:00,2025-07-20 20:00:00,1131600.0,일반,0
S0848,서울,청주,8367,2025-07-18 15:00:00,2025-07-18 21:00:00,1006300.0,일반,0
S0849,수원,대구,8384,2025-07-03 14:00:00,2025-07-04 00:00:00,1108500.0,위험물,150000
S0850,울산,부산,8408,2025-07-08 18:00:00,2025-07-09 01:00:00,944700.0,일반,0
S0851,창원,대구,8421,2025-07-03 12:00:00,2025-07-03 15:00:00,971400.0,냉장,30000
S0852,서울,울산,8430,2025-07-14 16:00:00,2025-07-14 18:00:00,1207000.0,일반,0
S0853,광주,대전,8432,2025-07-26 18:00:00,2025-07-26 22:00:00,1040800.0,냉장,30000
S0854,서울,수원,8469,2025-07-05 16:00:00,2025-07-06 03:00:00,940000.0,위험물,150000
S0855,수원,부산,8487,2025-07-23 08:00:00,2025-07-23 20:00:00,1202100.0,일반,0
S0856,서울,청주,8516,2025-07-17 16:00:00,2025-07-18 00:00:00,1018800.0,일반,0
S0857,서울,대전,8525,2025-07-14 17:00:00,2025-07-15 05:00:00,1049900.0,일반,0
S0858,광주,대전,8525,2025-07-19 18:00:00,2025-07-19 23:00:00,1050800.0,일반,0
S0859,수원,광주,8526,2025-07-10 11:00:00,2025-07-10 19:00:00,1144400.0,일반,0
S0860,대구,울산,8534,2025-07-15 16:00:00,2025-07-16 02:00:00,987500.0,위험물,150000
S0861,대전,광주,8542,2025-07-21 12:00:00,2025-07-21 21:00:00,1054300.0,냉동,50000
S0862,서울,대구,8547,2025-07-06 19:00:00,2025-07-07 04:00:00,1151100.0,일반,0
S0863,창원,수원,8563,2025-07-20 10:00:00,2025-07-20 17:00:00,1187500.0,일반,0
S0864,인천,서울,8617,2025-07-21 11:00:00,2025-07-21 17:00:00,945000.0,일반,0
S0865,광주,창원,8620,2025-07-02 17:00:00,2025-07-03 02:00:00,1087000.0,일반,0
S0866,광주,인천,8622,2025-07-23 11:00:00,2025-07-23 16:00:00,1179600.0,일반,0
S0867,창원,수원,8628,2025-07-11 10:00:00,2025-07-11 18:00:00,1194500.0,일반,0
S0868,대구,수원,8633,2025-07-05 17:00:00,2025-07-06 03:00:00,1136500.0,일반,0
S0869,서울,인천,8635,2025-07-19 19:00:00,2025-07-19 21:00:00,957000.0,일반,0
S0870,수원,광주,8636,2025-07-12 17:00:00,2025-07-13 03:00:00,1164400.0,일반,0
S0871,대구,서울,8642,2025-07-14 09:00:00,2025-07-14 21:00:00,1172100.0,일반,0
S0872,서울,수원,8645,2025-07-11 18:00:00,2025-07-11 22:00:00,968500.0,일반,0
S0873,부산,서울,8656,2025-07-08 09:00:00,2025-07-08 13:00:00,1259500.0,일반,0
S0874,대구,수원,8667,2025-07-13 10:00:00,2025-07-13 14:00:00,1147000.0,냉동,50000
S0875,부산,청주,8677,2025-07-07 18:00:00,2025-07-08 01:00:00,1154400.0,일반,0
S0876,울산,서울,8688,2025-07-21 10:00:00,2025-07-21 21:00:00,1248500.0,냉장,30000
S0877,울산,인천,8693,2025-07-28 18:00:00,2025-07-29 02:00:00,1257300.0,위험물,150000
S0878,대전,대구,8712,2025-07-21 16:00:00,2025-07-21 18:00:00,1063600.0,일반,0
S0879,광주,창원,8729,2025-07-13 11:00:00,2025-07-13 16:00:00,1111500.0,일반,0
S0880,대전,인천,8736,2025-07-13 13:00:00,2025-07-13 17:00:00,1085500.0,일반,0
S0881,창원,청주,8753,2025-07-21 08:00:00,2025-07-21 17:00:00,1144400.0,일반,0
S0882,수원,부산,8767,2025-07-05 08:00:00,2025-07-05 14:00:00,1251100.0,냉장,30000
S0883,광주,대전,8777,2025-07-19 11:00:00,2025-07-19 22:00:00,1103300.0,일반,0
S0884,수원,인천,8787,2025-07-19 18:00:00,2025-07-20 04:00:00,998200.0,일반,0
S0885,대전,인천,8852,2025-07-10 16:00:00,2025-07-10 18:00:00,1113500.0,일반,0
S0886,대전,수원,8876,2025-07-20 19:00:00,2025-07-21 01:00:00,1082900.0,냉장,30000
S0887,부산,서울,8880,2025-07-10 15:00:00,2025-07-11 00:00:00,1303000.0,위험물,150000
S0888,수원,대구,8899,2025-07-04 10:00:00,2025-07-04 13:00:00,1189000.0,일반,0
S0889,광주,서울,8933,2025-07-23 12:00:00,2025-07-23 20:00:00,1251300.0,유해물질,100000
S0890,청주,대구,8937,2025-07-07 13:00:00,2025-07-07 22:00:00,1115000.0,일반,0
S0891,서울,창원,8984,2025-07-24 14:00:00,2025-07-24 20:00:00,1285300.0,냉장,30000
S0892,대구,서울,9006,2025-07-20 16:00:00,2025-07-20 22:00:00,1224600.0,일반,0
S0893,대구,청주,9008,2025-07-18 20:00:00,2025-07-19 02:00:00,1121500.0,일반,0
S0894,부산,청주,9008,2025-07-20 08:00:00,2025-07-20 17:00:00,1206400.0,일반,0
S0895,부산,대전,9038,2025-07-22 19:00:00,2025-07-23 05:00:00,1194500.0,일반,0
S0896,대전,울산,9053,2025-07-16 15:00:00,2025-07-16 21:00:00,1189600.0,일반,0
S0897,대구,서울,9060,2025-07-06 19:00:00,2025-07-07 00:00:00,1233600.0,일반,0
S0898,청주,울산,9061,2025-07-17 09:00:00,2025-07-17 15:00:00,1206600.0,일반,0
S0899,수원,대전,9094,2025-07-02 09:00:00,2025-07-02 21:00:00,1108400.0,일반,0
S0900,광주,수원,9097,2025-07-02 14:00:00,2025-07-02 23:00:00,1245900.0,일반,0
S0901,서울,광주,9119,2025-07-23 15:00:00,2025-07-23 18:00:00,1281800.0,일반,0
S0902,인천,수원,9130,2025-07-26 13:00:00,2025-07-26 23:00:00,1054200.0,냉동,50000
S0903,대구,창원,9130,2025-07-23 10:00:00,2025-07-23 20:00:00,1091900.0,냉동,50000
S0904,수원,광주,9132,2025-07-19 14:00:00,2025-07-19 21:00:00,1256400.0,냉장,30000
S0905,대구,창원,9155,2025-07-07 18:00:00,2025-07-08 03:00:00,1093900.0,일반,0
S0906,대구,광주,9160,2025-07-13 08:00:00,2025-07-13 14:00:00,1199000.0,일반,0
S0907,대전,서울,9164,2025-07-27 14:00:00,2025-07-27 20:00:00,1161900.0,일반,0
S0908,대전,대구,9175,2025-07-21 16:00:00,2025-07-21 18:00:00,1147100.0,유해물질,100000
S0909,청주,창원,9188,2025-07-03 10:00:00,2025-07-03 12:00:00,1219400.0,냉동,50000
S0910,창원,울산,9189,2025-07-06 12:00:00,2025-07-06 22:00:00,1095700.0,일반,0
S0911,창원,대구,9191,2025-07-03 09:00:00,2025-07-03 14:00:00,1103900.0,일반,0
S0912,수원,부산,9208,2025-07-17 09:00:00,2025-07-17 12:00:00,1328100.0,일반,0
S0913,수원,울산,9224,2025-07-27 13:00:00,2025-07-27 19:00:00,1312700.0,일반,0
S0914,수원,대전,9261,2025-07-18 10:00:00,2025-07-18 18:00:00,1138900.0,일반,0
S0915,청주,대구,9281,2025-07-16 16:00:00,2025-07-16 23:00:00,1169500.0,일반,0
S0916,인천,창원,9286,2025-07-02 20:00:00,2025-07-03 04:00:00,1343900.0,냉동,50000
S0917,청주,울산,9288,2025-07-24 12:00:00,2025-07-24 16:00:00,1247600.0,냉동,50000
S0918,부산,수원,9295,2025-07-21 09:00:00,2025-07-21 13:00:00,1339600.0,냉장,30000
S0919,서울,울산,9316,2025-07-28 15:00:00,2025-07-29 01:00:00,1351000.0,냉동,50000
S0920,광주,대구,9318,2025-07-15 09:00:00,2025-07-15 11:00:00,1223500.0,일반,0
S0921,청주,인천,9320,2025-07-11 18:00:00,2025-07-11 21:00:00,1164200.0,일반,0
S0922,수원,청주,9321,2025-07-06 20:00:00,2025-07-07 07:00:00,1130300.0,일반,0
S0923,서울,인천,9326,2025-07-06 19:00:00,2025-07-07 04:00:00,1101000.0,일반,0
S0924,서울,대전,9331,2025-07-03 13:00:00,2025-07-03 19:00:00,1219900.0,일반,0
S0925,창원,대전,9331,2025-07-10 14:00:00,2025-07-11 00:00:00,1263000.0,일반,0
S0926,부산,울산,9339,2025-07-22 16:00:00,2025-07-22 23:00:00,1137200.0,일반,0
S0927,인천,울산,9343,2025-07-07 16:00:00,2025-07-08 03:00:00,1443800.0,일반,0
S0928,대전,대구,9363,2025-07-16 14:00:00,2025-07-17 02:00:00,1249600.0,일반,0
S0929,광주,울산,9364,2025-07-22 10:00:00,2025-07-22 17:00:00,1355000.0,일반,0
S0930,서울,부산,9367,2025-07-23 20:00:00,2025-07-24 02:00:00,1459000.0,일반,0
S0931,인천,대전,9379,2025-07-12 15:00:00,2025-07-13 01:00:00,1271000.0,일반,0
S0932,부산,인천,9400,2025-07-10 16:00:00,2025-07-11 04:00:00,1470300.0,일반,0
S0933,대구,부산,9408,2025-07-12 19:00:00,2025-07-13 02:00:00,1234000.0,일반,0
S0934,서울,인천,9408,2025-07-21 13:00:00,2025-07-21 17:00:00,1179000.0,냉동,50000
S0935,청주,창원,9411,2025-07-03 17:00:00,2025-07-04 04:00:00,1354400.0,일반,0
S0936,대전,광주,9415,2025-07-25 10:00:00,2025-07-25 15:00:00,1304800.0,일반,0
S0937,창원,서울,9418,2025-07-28 20:00:00,2025-07-28 23:00:00,1483300.0,일반,0
S0938,부산,수원,9430,2025-07-24 19:00:00,2025-07-25 07:00:00,1495600.0,일반,0
S0939,창원,광주,9461,2025-07-21 13:00:00,2025-07-21 17:00:00,1372500.0,일반,0
S0940,인천,광주,9467,2025-07-10 11:00:00,2025-07-10 22:00:00,1461600.0,일반,0
S0941,인천,부산,9475,2025-07-18 19:00:00,2025-07-19 00:00:00,1554300.0,일반,0
S0942,서울,창원,9477,2025-07-27 10:00:00,2025-07-27 16:00:00,1537300.0,위험물,150000
S0943,청주,광주,9480,2025-07-08 16:00:00,2025-07-09 00:00:00,1416500.0,일반,0
S0944,수원,대구,9490,2025-07-28 19:00:00,2025-07-28 21:00:00,1457000.0,일반,0
S0945,창원,서울,9502,2025-07-25 15:00:00,2025-07-25 18:00:00,1555300.0,일반,0
S0946,부산,창원,9506,2025-07-09 17:00:00,2025-07-10 01:00:00,1302200.0,일반,0
S0947,부산,대전,9524,2025-07-13 15:00:00,2025-07-13 18:00:00,1466500.0,냉동,50000
S0948,광주,창원,9543,2025-07-11 18:00:00,2025-07-12 00:00:00,1456500.0,일반,0
S0949,인천,창원,9547,2025-07-28 09:00:00,2025-07-28 19:00:00,1600400.0,일반,0
S0950,수원,대전,9561,2025-07-24 08:00:00,2025-07-24 20:00:00,1402400.0,냉장,30000
S0951,창원,인천,9578,2025-07-21 13:00:00,2025-07-21 18:00:00,1612400.0,유해물질,100000
S0952,부산,광주,9579,2025-07-22 19:00:00,2025-07-22 23:00:00,1522200.0,일반,0
S0953,부산,광주,9583,2025-07-20 12:00:00,2025-07-20 21:00:00,1528200.0,위험물,150000
S0954,대구,청주,9599,2025-07-06 09:00:00,2025-07-06 12:00:00,1463500.0,일반,0
S0955,울산,인천,9600,2025-07-11 09:00:00,2025-07-11 14:00:00,1653800.0,일반,0
S0956,창원,대구,9607,2025-07-25 20:00:00,2025-07-25 22:00:00,1433900.0,일반,0
S0957,광주,대전,9624,2025-07-15 08:00:00,2025-07-15 15:00:00,1502800.0,유해물질,100000
S0958,대전,울산,9629,2025-07-15 09:00:00,2025-07-15 21:00:00,1575600.0,일반,0
S0959,창원,부산,9642,2025-07-10 17:00:00,2025-07-10 22:00:00,1422200.0,일반,0
S0960,부산,청주,9644,2025-07-16 11:00:00,2025-07-16 19:00:00,1602400.0,일반,0
S0961,수원,청주,9645,2025-07-01 12:00:00,2025-07-01 17:00:00,1472300.0,냉동,50000
S0962,수원,인천,9662,2025-07-22 12:00:00,2025-07-22 14:00:00,1433700.0,일반,0
S0963,창원,인천,9666,2025-07-08 18:00:00,2025-07-09 00:00:00,1714400.0,일반,0
S0964,대전,광주,9667,2025-07-28 19:00:00,2025-07-29 03:00:00,1550800.0,일반,0
S0965,대구,광주,9670,2025-07-20 19:00:00,2025-07-21 06:00:00,1593000.0,일반,0
S0966,부산,대전,9674,2025-07-26 08:00:00,2025-07-26 17:00:00,1634500.0,유해물질,100000
S0967,울산,서울,9675,2025-07-27 11:00:00,2025-07-27 20:00:00,1741000.0,일반,0
S0968,대구,창원,9688,2025-07-04 09:00:00,2025-07-04 16:00:00,1523900.0,냉동,50000
S0969,울산,수원,9691,2025-07-10 20:00:00,2025-07-11 02:00:00,1732200.0,위험물,150000
S0970,대전,울산,9699,2025-07-15 15:00:00,2025-07-16 03:00:00,1647600.0,유해물질,100000
S0971,광주,대전,9718,2025-07-04 20:00:00,2025-07-05 07:00:00,1598800.0,일반,0
S0972,대구,인천,9733,2025-07-08 15:00:00,2025-07-08 22:00:00,1714200.0,일반,0
S0973,광주,창원,9740,2025-07-13 14:00:00,2025-07-14 01:00:00,1642500.0,일반,0
S0974,대전,광주,9743,2025-07-15 09:00:00,2025-07-15 13:00:00,1628800.0,냉동,50000
S0975,청주,서울,9749,2025-07-10 15:00:00,2025-07-10 19:00:00,1606300.0,일반,0
S0976,부산,수원,9751,2025-07-20 15:00:00,2025-07-20 17:00:00,1795600.0,위험물,150000
S0977,울산,수원,9763,2025-07-25 15:00:00,2025-07-26 02:00:00,1792200.0,일반,0
S0978,수원,광주,9787,2025-07-08 08:00:00,2025-07-08 14:00:00,1752400.0,일반,0
S0979,대구,창원,9800,2025-07-18 17:00:00,2025-07-19 00:00:00,1589900.0,일반,0
S0980,창원,수원,9809,2025-07-10 15:00:00,2025-07-10 17:00:00,1800500.0,위험물,150000
S0981,수원,대전,9814,2025-07-09 17:00:00,2025-07-10 03:00:00,1642400.0,일반,0
S0982,인천,수원,9841,2025-07-24 15:00:00,2025-07-24 21:00:00,1577700.0,일반,0
S0983,서울,대전,9843,2025-07-26 12:00:00,2025-07-26 23:00:00,1681900.0,일반,0
S0984,창원,대전,9849,2025-07-07 18:00:00,2025-07-07 23:00:00,1719000.0,일반,0
S0985,창원,광주,9857,2025-07-13 15:00:00,2025-07-13 23:00:00,1726500.0,일반,0
S0986,인천,서울,9863,2025-07-06 20:00:00,2025-07-07 00:00:00,1593000.0,일반,0
S0987,서울,대전,9870,2025-07-14 08:00:00,2025-07-14 10:00:00,1711900.0,일반,0
S0988,대구,부산,9878,2025-07-08 09:00:00,2025-07-08 13:00:00,1660000.0,일반,0
S0989,대전,인천,9912,2025-07-05 10:00:00,2025-07-05 20:00:00,1763000.0,일반,0
S0990,광주,청주,9919,2025-07-24 17:00:00,2025-07-25 00:00:00,1854500.0,일반,0
S0991,대구,서울,9939,2025-07-15 13:00:00,2025-07-15 19:00:00,1929600.0,일반,0
S0992,대구,수원,9946,2025-07-05 19:00:00,2025-07-06 02:00:00,1901000.0,일반,0
S0993,서울,창원,9947,2025-07-16 11:00:00,2025-07-16 23:00:00,2011300.0,일반,0
S0994,창원,광주,9960,2025-07-17 12:00:00,2025-07-17 22:00:00,1882500.0,일반,0
S0995,청주,수원,9965,2025-07-18 12:00:00,2025-07-18 16:00:00,1808300.0,냉장,30000
S0996,울산,수원,9968,2025-07-07 12:00:00,2025-07-07 14:00:00,2026200.0,일반,0
S0997,서울,울산,9971,2025-07-14 19:00:00,2025-07-15 03:00:00,2053000.0,일반,0
S0998,창원,청주,9972,2025-07-05 18:00:00,2025-07-06 03:00:00,1984400.0,일반,0
S0999,창원,대전,9997,2025-07-14 15:00:00,2025-07-15 00:00:00,1965000.0,일반,0
